2022-02-14T23:13:44.258734,24.5,32.5
2022-02-14T23:13:46.243083,24.5,32.5
2022-02-14T23:13:46.261854,24.5,32.5
2022-02-14T23:13:48.250424,24.5,32.5
2022-02-14T23:13:48.269213,24.5,32.5
2022-02-14T23:13:50.257412,24.5,32.5
2022-02-14T23:13:50.275089,24.5,32.5
2022-02-14T23:13:52.264233,24.5,32.5
2022-02-14T23:13:52.282034,24.5,32.5
2022-02-14T23:13:54.270229,24.5,32.5
2022-02-14T23:13:54.289038,24.5,32.6
2022-02-14T23:13:56.277232,24.5,32.6
2022-02-14T23:13:56.295900,24.5,32.5
2022-02-14T23:13:58.284098,24.5,32.5
2022-02-14T23:13:58.303044,24.5,32.5
2022-02-14T23:14:00.291145,24.5,32.5
2022-02-14T23:14:00.309820,24.5,32.5
2022-02-14T23:14:02.298100,24.5,32.5
2022-02-14T23:14:02.316815,24.5,32.6
2022-02-14T23:14:04.305009,24.5,32.6
2022-02-14T23:14:04.322696,24.5,32.6
2022-02-14T23:14:06.310852,24.5,32.6
2022-02-14T23:14:06.329640,24.5,32.6
2022-02-14T23:14:08.317887,24.5,32.6
2022-02-14T23:14:08.336625,24.5,32.6
2022-02-14T23:14:10.324887,24.5,32.6
2022-02-14T23:14:10.343474,24.5,32.5
2022-02-14T23:14:12.331655,24.5,32.5
2022-02-14T23:14:12.350463,24.5,32.5
2022-02-14T23:14:14.338564,24.5,32.5
2022-02-14T23:14:14.357426,24.5,32.5
2022-02-14T23:14:16.345555,24.5,32.5
2022-02-14T23:14:16.363332,24.5,32.5
2022-02-14T23:14:18.352351,24.5,32.5
2022-02-14T23:14:18.370228,24.5,32.5
2022-02-14T23:14:20.358234,24.5,32.5
2022-02-14T23:14:20.377192,24.5,32.5
2022-02-14T23:14:22.365337,24.5,32.5
2022-02-14T23:14:22.384117,24.5,32.5
2022-02-14T23:14:24.372115,24.5,32.5
2022-02-14T23:14:24.391035,24.5,32.5
2022-02-14T23:14:26.379090,24.5,32.5
2022-02-14T23:14:26.397981,24.5,32.4
2022-02-14T23:14:28.386007,24.5,32.4
2022-02-14T23:14:28.403994,24.5,32.4
2022-02-14T23:14:30.391969,24.5,32.4
2022-02-14T23:14:30.410858,24.5,32.4
2022-02-14T23:14:32.398916,24.5,32.4
2022-02-14T23:14:32.417803,24.5,32.4
2022-02-14T23:14:34.405815,24.5,32.4
2022-02-14T23:14:34.424784,24.5,32.4
2022-02-14T23:14:36.412907,24.5,32.4
2022-02-14T23:14:36.430681,24.5,32.4
2022-02-14T23:14:38.419918,24.5,32.4
2022-02-14T23:14:38.437735,24.5,32.5
2022-02-14T23:19:07.710159,23.7,37.1
2022-02-14T23:19:09.693011,23.7,37.1
2022-02-14T23:19:09.710915,23.7,36.7
2022-02-14T23:19:11.699976,23.7,36.7
2022-02-14T23:19:11.717948,23.7,36.5
2022-02-14T23:19:13.706212,23.9,36.5
2022-02-14T23:19:13.724884,23.9,36.4
2022-02-14T23:19:15.713107,23.8,36.4
2022-02-14T23:19:15.731814,23.8,36.2
2022-02-14T23:19:17.719850,23.8,36.2
2022-02-14T23:19:17.738717,23.8,36.1
2022-02-14T23:19:19.726840,23.8,36.1
2022-02-14T23:19:19.744643,23.8,36.0
2022-02-14T23:19:21.732744,23.7,36.0
2022-02-14T23:19:21.751601,23.7,35.9
2022-02-14T23:19:23.739593,23.8,35.9
2022-02-14T23:19:23.758510,23.8,35.9
2022-02-14T23:19:25.746518,23.8,35.9
2022-02-14T23:19:25.765476,23.8,35.9
2022-02-14T23:19:27.753547,23.8,35.9
2022-02-14T23:19:27.772379,23.8,35.8
2022-02-14T23:19:29.760431,23.8,35.8
2022-02-14T23:19:29.778338,23.8,35.8
2022-02-14T23:19:31.766383,23.7,35.8
2022-02-14T23:19:31.785346,23.7,35.7
2022-02-14T23:19:33.773073,23.8,35.7
2022-02-14T23:19:33.791867,23.8,35.7
2022-02-14T23:19:35.780462,23.8,35.7
2022-02-14T23:19:35.799204,23.8,35.7
2022-02-14T23:19:37.787198,23.8,35.7
2022-02-14T23:19:37.805086,23.8,35.6
2022-02-14T23:19:39.793363,23.7,35.6
2022-02-14T23:19:39.812062,23.7,35.5
2022-02-14T23:19:41.800103,23.8,35.5
2022-02-14T23:19:41.818969,23.8,35.6
2022-02-14T23:19:43.806976,23.8,35.6
2022-02-14T23:19:43.825925,23.8,35.6
2022-02-14T23:19:45.813965,23.8,35.6
2022-02-14T23:19:45.831818,23.8,35.6
2022-02-14T23:19:47.819848,23.7,35.6
2022-02-14T23:19:47.838815,23.7,35.5
2022-02-14T23:19:49.826781,23.8,35.5
2022-02-14T23:19:49.845772,23.8,35.5
2022-02-14T23:19:51.833789,23.8,35.5
2022-02-14T23:19:51.852624,23.8,35.5
2022-02-14T23:19:53.840669,23.8,35.5
2022-02-14T23:19:53.858584,23.8,35.5
2022-02-14T23:19:55.846573,23.7,35.5
2022-02-14T23:19:55.865542,23.7,35.5
2022-02-14T23:19:57.853615,23.8,35.5
2022-02-14T23:19:57.872449,23.8,35.5
2022-02-14T23:19:59.860553,23.8,35.5
2022-02-14T23:19:59.879400,23.8,35.5
2022-02-14T23:20:01.867572,23.8,35.5
2022-02-14T23:20:01.885414,23.8,35.5
2022-02-14T23:20:03.873420,23.7,35.5
2022-02-14T23:20:03.892272,23.7,35.5
2022-02-14T23:20:05.880553,23.8,35.5
2022-02-14T23:20:05.899274,23.8,35.5
2022-02-14T23:20:07.887251,23.8,35.5
2022-02-14T23:20:07.906154,23.8,35.5
2022-02-14T23:20:09.894233,23.8,35.5
2022-02-14T23:20:09.912095,23.8,35.5
2022-02-14T23:20:11.901347,23.8,35.5
2022-02-14T23:20:11.919049,23.8,35.5
2022-02-14T23:20:13.907057,23.8,35.5
2022-02-14T23:20:13.925991,23.8,35.5
2022-02-14T23:20:15.913989,23.8,35.5
2022-02-14T23:20:15.932876,23.8,35.5
2022-02-14T23:20:17.920941,23.8,35.5
2022-02-14T23:20:17.939829,23.8,35.5
2022-02-14T23:20:19.928092,23.8,35.5
2022-02-14T23:20:19.945890,23.8,35.5
2022-02-14T23:20:21.933980,23.8,35.5
2022-02-14T23:20:21.952711,23.8,35.5
2022-02-14T23:20:23.940843,23.8,35.5
2022-02-14T23:20:23.959649,23.8,35.5
2022-02-14T23:20:25.947788,23.8,35.5
2022-02-14T23:20:25.966595,23.8,35.5
2022-02-14T23:20:27.954812,23.8,35.5
2022-02-14T23:20:27.972538,23.8,35.5
2022-02-14T23:20:29.960594,23.7,35.5
2022-02-14T23:20:29.979487,23.7,35.5
2022-02-14T23:20:31.967509,23.8,35.5
2022-02-14T23:20:31.986422,23.8,35.5
2022-02-14T23:20:33.974443,23.8,35.5
2022-02-14T23:20:33.993390,23.8,35.6
2022-02-14T23:20:35.981439,23.8,35.6
2022-02-14T23:20:35.999265,23.8,35.6
2022-02-14T23:20:37.987290,23.7,35.6
2022-02-14T23:20:38.006199,23.7,35.6
2022-02-14T23:20:39.994208,23.8,35.6
2022-02-14T23:20:40.013185,23.8,35.6
2022-02-14T23:20:42.001271,23.8,35.6
2022-02-14T23:20:42.020081,23.8,35.6
2022-02-14T23:20:44.008122,23.8,35.6
2022-02-14T23:20:44.026033,23.8,35.6
2022-02-14T23:20:46.014125,23.7,35.6
2022-02-14T23:20:46.032955,23.7,35.6
2022-02-14T23:20:48.020963,23.8,35.6
2022-02-14T23:20:48.039875,23.8,35.6
2022-02-14T23:20:50.028216,23.8,35.6
2022-02-14T23:20:50.046934,23.8,35.6
2022-02-14T23:20:52.034937,23.7,35.6
2022-02-14T23:20:52.052800,23.7,35.6
2022-02-14T23:20:54.041882,23.7,35.6
2022-02-14T23:20:54.059722,23.7,35.6
2022-02-14T23:20:56.047747,23.8,35.6
2022-02-14T23:20:56.066669,23.8,35.7
2022-02-14T23:20:58.054666,23.8,35.7
2022-02-14T23:20:58.073626,23.8,35.7
2022-02-14T23:21:00.061685,23.7,35.7
2022-02-14T23:21:00.080534,23.7,35.6
2022-02-14T23:21:02.068616,23.8,35.6
2022-02-14T23:21:02.086493,23.8,35.6
2022-02-14T23:21:04.074631,23.7,35.6
2022-02-14T23:21:04.093498,23.7,35.6
2022-02-14T23:21:06.081547,23.7,35.6
2022-02-14T23:21:06.100358,23.7,35.6
2022-02-14T23:21:08.088335,23.7,35.6
2022-02-14T23:21:08.107276,23.7,35.6
2022-02-14T23:21:10.095324,23.7,35.6
2022-02-14T23:21:10.113295,23.7,35.6
2022-02-14T23:21:12.101345,23.8,35.6
2022-02-14T23:21:12.120179,23.8,35.6
2022-02-14T23:21:14.108191,23.7,35.6
2022-02-14T23:21:14.127085,23.7,35.6
2022-02-14T23:21:16.115190,23.7,35.6
2022-02-14T23:21:16.133045,23.7,35.6
2022-02-14T23:21:18.122087,23.7,35.6
2022-02-14T23:21:18.139985,23.7,35.6
2022-02-14T23:21:20.128081,23.8,35.6
2022-02-14T23:21:20.146935,23.8,35.6
2022-02-14T23:21:22.135009,23.7,35.6
2022-02-14T23:21:22.153904,23.7,35.6
2022-02-14T23:21:24.141939,23.8,35.6
2022-02-14T23:21:24.160789,23.8,35.6
2022-02-14T23:21:26.148842,23.7,35.6
2022-02-14T23:21:26.166742,23.7,35.6
2022-02-14T23:21:28.154744,23.7,35.6
2022-02-14T23:21:28.173705,23.7,35.6
2022-02-14T23:21:30.161762,23.7,35.6
2022-02-14T23:21:30.180600,23.7,35.6
2022-02-14T23:21:32.168652,23.7,35.6
2022-02-14T23:21:32.186557,23.7,35.6
2022-02-14T23:21:34.175575,23.7,35.6
2022-02-14T23:21:34.193539,23.7,35.6
2022-02-14T23:21:36.181583,23.7,35.6
2022-02-14T23:21:36.200422,23.7,35.6
2022-02-14T23:21:38.188454,23.7,35.6
2022-02-14T23:21:38.207361,23.7,35.6
2022-02-14T23:21:40.195350,23.7,35.6
2022-02-14T23:21:40.213351,23.7,35.6
2022-02-14T23:21:42.201445,23.7,35.6
2022-02-14T23:21:42.220257,23.7,35.6
2022-02-14T23:21:44.208245,23.7,35.6
2022-02-14T23:21:44.227170,23.7,35.6
2022-02-14T23:21:46.215231,23.7,35.6
2022-02-14T23:21:46.234119,23.7,35.7
2022-02-14T23:21:48.222180,23.7,35.7
2022-02-14T23:21:48.241054,23.7,35.7
2022-02-14T23:21:50.229085,23.7,35.7
2022-02-14T23:21:50.247009,23.7,35.7
2022-02-14T23:21:52.236048,23.7,35.7
2022-02-14T23:21:52.253976,23.7,35.7
2022-02-14T23:21:54.242012,23.7,35.7
2022-02-14T23:21:54.260889,23.7,35.7
2022-02-14T23:21:56.248911,23.7,35.7
2022-02-14T23:21:56.267831,23.7,35.6
2022-02-14T23:21:58.255819,23.7,35.6
2022-02-14T23:21:58.274745,23.7,35.6
2022-02-14T23:22:00.262759,23.7,35.6
2022-02-14T23:22:00.280682,23.7,35.6
2022-02-14T23:22:02.268748,23.7,35.6
2022-02-14T23:22:02.287639,23.7,35.6
2022-02-14T23:22:04.275747,23.7,35.6
2022-02-14T23:22:04.294602,23.7,35.6
2022-02-14T23:22:06.282622,23.7,35.6
2022-02-14T23:22:06.301566,23.7,35.7
2022-02-14T23:22:08.289573,23.7,35.7
2022-02-14T23:22:08.308420,23.7,35.7
2022-02-14T23:22:10.296442,23.7,35.7
2022-02-14T23:22:10.314392,23.7,35.7
2022-02-14T23:22:12.302418,23.6,35.7
2022-02-14T23:22:12.321380,23.6,35.6
2022-02-14T23:22:14.309418,23.7,35.6
2022-02-14T23:22:14.328243,23.7,35.7
2022-02-14T23:22:16.316280,23.7,35.7
2022-02-14T23:22:16.335181,23.7,35.7
2022-02-14T23:22:18.323197,23.7,35.7
2022-02-14T23:22:18.342134,23.7,35.7
2022-02-14T23:22:20.330285,23.7,35.7
2022-02-14T23:22:20.349103,23.7,35.7
2022-02-14T23:22:22.337213,23.7,35.7
2022-02-14T23:22:22.355024,23.7,35.7
2022-02-14T23:22:24.343005,23.6,35.7
2022-02-14T23:22:24.361949,23.6,35.6
2022-02-14T23:22:26.350015,23.7,35.6
2022-02-14T23:22:26.368875,23.7,35.7
2022-02-14T23:22:28.356862,23.7,35.7
2022-02-14T23:22:28.375802,23.7,35.7
2022-02-14T23:22:30.363810,23.7,35.7
2022-02-14T23:22:30.382729,23.7,35.7
2022-02-14T23:22:32.370775,23.7,35.7
2022-02-14T23:22:32.388674,23.7,35.7
2022-02-14T23:22:34.376696,23.6,35.7
2022-02-14T23:22:34.395625,23.6,35.7
2022-02-14T23:22:36.383647,23.7,35.7
2022-02-14T23:22:36.402563,23.7,35.7
2022-02-14T23:22:38.390568,23.7,35.7
2022-02-14T23:22:38.409539,23.7,35.7
2022-02-14T23:22:40.397538,23.6,35.7
2022-02-14T23:22:40.416417,23.6,35.7
2022-02-14T23:22:42.404470,23.7,35.7
2022-02-14T23:22:42.422397,23.7,35.7
2022-02-14T23:22:44.411367,23.7,35.7
2022-02-14T23:22:44.429356,23.7,35.7
2022-02-14T23:22:46.417425,23.6,35.7
2022-02-14T23:22:46.436258,23.6,35.7
2022-02-14T23:22:48.424238,23.7,35.7
2022-02-14T23:22:48.443179,23.7,35.7
2022-02-14T23:22:50.431183,23.6,35.7
2022-02-14T23:22:50.450108,23.6,35.6
2022-02-14T23:22:52.438189,23.6,35.6
2022-02-14T23:22:52.456066,23.6,35.6
2022-02-14T23:22:54.444097,23.6,35.6
2022-02-14T23:22:54.463028,23.6,35.6
2022-02-14T23:22:56.451156,23.7,35.6
2022-02-14T23:22:56.470006,23.7,35.7
2022-02-14T23:22:58.458113,23.6,35.7
2022-02-14T23:22:58.476888,23.6,35.6
2022-02-14T23:23:00.464889,23.7,35.6
2022-02-14T23:23:00.482820,23.7,35.7
2022-02-14T23:23:02.470919,23.6,35.7
2022-02-14T23:23:02.489836,23.6,35.7
2022-02-14T23:23:04.478044,23.7,35.7
2022-02-14T23:23:04.496714,23.7,35.8
2022-02-14T23:23:06.484882,23.6,35.8
2022-02-14T23:23:06.503662,23.6,35.7
2022-02-14T23:23:08.491730,23.6,35.7
2022-02-14T23:23:08.510565,23.6,35.7
2022-02-14T23:23:10.498685,23.7,35.7
2022-02-14T23:23:10.516496,23.7,35.8
2022-02-14T23:23:12.504639,23.6,35.8
2022-02-14T23:23:12.523461,23.6,35.7
2022-02-14T23:23:14.511552,23.6,35.7
2022-02-14T23:23:14.530397,23.6,35.7
2022-02-14T23:23:16.518521,23.6,35.7
2022-02-14T23:23:16.537396,23.6,35.7
2022-02-14T23:23:18.525501,23.6,35.7
2022-02-14T23:23:18.543270,23.6,35.8
2022-02-14T23:23:20.531256,23.6,35.8
2022-02-14T23:23:20.550200,23.6,35.8
2022-02-14T23:23:22.538362,23.6,35.8
2022-02-14T23:23:22.557214,23.6,35.8
2022-02-14T23:23:24.545351,23.6,35.8
2022-02-14T23:23:24.564115,23.6,35.8
2022-02-14T23:23:26.552152,23.6,35.8
2022-02-14T23:23:26.571032,23.6,35.8
2022-02-14T23:23:28.559019,23.6,35.8
2022-02-14T23:23:28.576942,23.6,35.8
2022-02-14T23:23:30.564989,23.5,35.8
2022-02-14T23:23:30.583902,23.5,35.7
2022-02-14T23:23:32.571932,23.6,35.7
2022-02-14T23:23:32.590849,23.6,35.8
2022-02-14T23:23:34.578869,23.6,35.8
2022-02-14T23:23:34.597825,23.6,35.8
2022-02-14T23:23:36.585876,23.7,35.8
2022-02-14T23:23:36.604709,23.7,35.9
2022-02-14T23:23:38.592736,23.6,35.9
2022-02-14T23:23:38.610658,23.6,35.8
2022-02-14T23:23:40.599652,23.6,35.8
2022-02-14T23:23:40.617625,23.6,35.8
2022-02-14T23:23:42.605714,23.6,35.8
2022-02-14T23:23:42.624530,23.6,35.8
2022-02-14T23:23:44.612525,23.6,35.8
2022-02-14T23:23:44.631449,23.6,35.8
2022-02-14T23:23:46.619506,23.6,35.8
2022-02-14T23:23:46.638420,23.6,35.8
2022-02-14T23:23:48.626407,23.6,35.8
2022-02-14T23:23:48.644338,23.6,35.8
2022-02-14T23:23:50.633406,23.6,35.8
2022-02-14T23:23:50.651274,23.6,35.8
2022-02-14T23:23:52.639325,23.6,35.8
2022-02-14T23:23:52.658228,23.6,35.8
2022-02-14T23:23:54.646348,23.6,35.8
2022-02-14T23:23:54.665241,23.6,35.8
2022-02-14T23:23:56.653337,23.6,35.8
2022-02-14T23:23:56.672101,23.6,35.8
2022-02-14T23:23:58.660103,23.6,35.8
2022-02-14T23:23:58.678026,23.6,35.8
2022-02-14T23:24:00.667178,23.6,35.8
2022-02-14T23:24:00.684969,23.6,35.8
2022-02-14T23:24:02.673119,23.5,35.8
2022-02-14T23:24:02.691987,23.5,35.8
2022-02-14T23:24:04.680073,23.6,35.8
2022-02-14T23:24:04.698889,23.6,35.8
2022-02-14T23:24:06.686941,23.6,35.8
2022-02-14T23:24:06.705883,23.6,35.9
2022-02-14T23:24:08.693918,23.7,35.9
2022-02-14T23:24:08.712709,23.7,35.9
2022-02-14T23:24:10.700746,23.6,35.9
2022-02-14T23:24:10.718657,23.6,35.9
2022-02-14T23:24:12.706717,23.6,35.9
2022-02-14T23:24:12.725658,23.6,35.8
2022-02-14T23:24:14.713764,23.6,35.8
2022-02-14T23:24:14.732532,23.6,35.9
2022-02-14T23:24:16.720577,23.6,35.9
2022-02-14T23:24:16.739488,23.6,35.9
2022-02-14T23:24:18.727497,23.6,35.9
2022-02-14T23:24:18.746428,23.6,35.9
2022-02-14T23:24:20.734415,23.6,35.9
2022-02-14T23:24:20.752345,23.6,35.9
2022-02-14T23:24:22.741750,23.6,35.9
2022-02-14T23:24:22.759330,23.6,35.9
2022-02-14T23:24:24.747312,23.6,35.9
2022-02-14T23:24:24.766239,23.6,35.9
2022-02-14T23:24:26.754336,23.6,35.9
2022-02-14T23:24:26.773255,23.6,35.9
2022-02-14T23:24:28.761289,23.6,35.9
2022-02-14T23:24:28.780098,23.6,35.9
2022-02-14T23:24:30.768163,23.6,35.9
2022-02-14T23:24:30.786093,23.6,35.9
2022-02-14T23:24:32.775131,23.6,35.9
2022-02-14T23:24:32.792973,23.6,35.9
2022-02-14T23:24:34.781084,23.5,35.9
2022-02-14T23:24:34.799912,23.5,35.8
2022-02-14T23:24:36.788046,23.6,35.8
2022-02-14T23:24:36.806862,23.6,35.9
2022-02-14T23:24:38.794957,23.6,35.9
2022-02-14T23:24:38.813847,23.6,35.9
2022-02-14T23:24:40.802003,23.6,35.9
2022-02-14T23:24:40.820723,23.6,35.9
2022-02-14T23:24:42.808825,23.6,35.9
2022-02-14T23:24:42.826668,23.6,35.9
2022-02-14T23:24:44.814678,23.6,35.9
2022-02-14T23:24:44.833649,23.6,35.9
2022-02-14T23:24:46.821810,23.6,35.9
2022-02-14T23:24:46.840558,23.6,35.9
2022-02-14T23:24:48.828545,23.6,35.9
2022-02-14T23:24:48.847475,23.6,35.9
2022-02-14T23:24:50.835603,23.6,35.9
2022-02-14T23:24:50.854435,23.6,35.9
2022-02-14T23:24:52.842515,23.6,35.9
2022-02-14T23:24:52.860350,23.6,35.9
2022-02-14T23:24:54.849563,23.5,35.9
2022-02-14T23:24:54.867283,23.5,35.9
2022-02-14T23:24:56.855360,23.6,35.9
2022-02-14T23:24:56.874253,23.6,35.9
2022-02-14T23:24:58.862272,23.6,35.9
2022-02-14T23:24:58.881238,23.6,35.9
2022-02-14T23:25:00.869466,23.6,35.9
2022-02-14T23:25:00.888163,23.6,35.9
2022-02-14T23:25:02.876371,23.6,35.9
2022-02-14T23:25:02.894150,23.6,35.9
2022-02-14T23:25:04.883168,23.6,35.9
2022-02-14T23:25:04.901052,23.6,35.9
2022-02-14T23:25:06.889361,23.5,35.9
2022-02-14T23:25:06.908006,23.5,35.9
2022-02-14T23:25:08.895960,23.6,35.9
2022-02-14T23:25:08.914865,23.6,35.9
2022-02-14T23:25:10.902943,23.6,35.9
2022-02-14T23:25:10.921877,23.6,35.9
2022-02-14T23:25:12.909875,23.6,35.9
2022-02-14T23:25:12.928736,23.6,35.9
2022-02-14T23:25:14.916731,23.6,35.9
2022-02-14T23:25:14.934670,23.6,35.9
2022-02-14T23:25:16.923726,23.6,35.9
2022-02-14T23:25:16.941681,23.6,35.9
2022-02-14T23:25:18.929718,23.6,35.9
2022-02-14T23:25:18.948527,23.6,35.9
2022-02-14T23:25:20.936600,23.6,35.9
2022-02-14T23:25:20.955509,23.6,35.9
2022-02-14T23:25:22.943501,23.6,35.9
2022-02-14T23:25:22.962422,23.6,35.9
2022-02-14T23:25:24.950409,23.6,35.9
2022-02-14T23:25:24.969395,23.6,35.9
2022-02-14T23:25:26.957520,23.6,35.9
2022-02-14T23:25:26.975320,23.6,35.9
2022-02-14T23:25:28.964321,23.5,35.9
2022-02-14T23:25:28.982242,23.5,35.9
2022-02-14T23:25:30.970302,23.6,35.9
2022-02-14T23:25:30.989250,23.6,35.9
2022-02-14T23:25:32.977479,23.6,35.9
2022-02-14T23:25:32.996176,23.6,35.9
2022-02-14T23:25:34.984154,23.5,35.9
2022-02-14T23:25:35.003058,23.5,35.9
2022-02-14T23:25:36.991111,23.6,35.9
2022-02-14T23:25:37.010036,23.6,35.9
2022-02-14T23:25:38.998048,23.6,35.9
2022-02-14T23:25:39.015937,23.6,36.0
2022-02-14T23:25:41.004979,23.5,36.0
2022-02-14T23:25:41.022896,23.5,35.9
2022-02-14T23:25:43.010906,23.6,35.9
2022-02-14T23:25:43.029860,23.6,36.0
2022-02-14T23:25:45.017877,23.6,36.0
2022-02-14T23:25:45.036737,23.6,36.0
2022-02-14T23:25:47.024797,23.6,36.0
2022-02-14T23:25:47.043703,23.6,36.0
2022-02-14T23:25:49.031680,23.6,36.0
2022-02-14T23:25:49.049675,23.6,36.0
2022-02-14T23:25:51.037779,23.5,36.0
2022-02-14T23:25:51.056575,23.5,35.9
2022-02-14T23:25:53.044598,23.6,35.9
2022-02-14T23:25:53.063554,23.6,36.0
2022-02-14T23:25:55.051563,23.5,36.0
2022-02-14T23:25:55.070475,23.5,35.9
2022-02-14T23:25:57.058453,23.5,35.9
2022-02-14T23:25:57.077427,23.5,36.0
2022-02-14T23:25:59.065471,23.6,36.0
2022-02-14T23:25:59.083312,23.6,36.0
2022-02-14T23:26:01.072371,23.5,36.0
2022-02-14T23:26:01.090288,23.5,35.9
2022-02-14T23:26:03.078333,23.5,35.9
2022-02-14T23:26:03.097275,23.5,35.9
2022-02-14T23:26:05.085460,23.6,35.9
2022-02-14T23:26:05.104186,23.6,36.0
2022-02-14T23:26:07.092169,23.6,36.0
2022-02-14T23:26:07.111081,23.6,36.0
2022-02-14T23:26:09.099088,23.6,36.0
2022-02-14T23:26:09.117027,23.6,36.0
2022-02-14T23:26:11.106106,23.6,36.0
2022-02-14T23:26:11.123960,23.6,36.0
2022-02-14T23:26:13.111974,23.6,36.0
2022-02-14T23:26:13.130876,23.6,36.0
2022-02-14T23:26:15.118928,23.6,36.0
2022-02-14T23:26:15.137883,23.6,36.0
2022-02-14T23:26:17.125895,23.6,36.0
2022-02-14T23:26:17.143766,23.6,36.0
2022-02-14T23:26:19.132760,23.6,36.0
2022-02-14T23:26:19.150701,23.6,36.0
2022-02-14T23:26:21.138756,23.6,36.0
2022-02-14T23:26:21.157711,23.6,36.0
2022-02-14T23:26:23.145711,23.6,36.0
2022-02-14T23:26:23.164559,23.6,36.0
2022-02-14T23:26:25.152640,23.6,36.0
2022-02-14T23:26:25.171522,23.6,36.0
2022-02-14T23:26:27.159507,23.6,36.0
2022-02-14T23:26:27.177491,23.6,36.0
2022-02-14T23:26:29.165517,23.5,36.0
2022-02-14T23:26:29.184381,23.5,36.0
2022-02-14T23:26:31.172444,23.6,36.0
2022-02-14T23:26:31.191340,23.6,36.0
2022-02-14T23:26:33.179345,23.6,36.0
2022-02-14T23:26:33.198269,23.6,36.0
2022-02-14T23:26:35.186404,23.6,36.0
2022-02-14T23:26:35.204223,23.6,36.0
2022-02-14T23:26:37.192214,23.5,36.0
2022-02-14T23:26:37.211161,23.5,36.0
2022-02-14T23:26:39.199141,23.6,36.0
2022-02-14T23:26:39.218064,23.6,36.0
2022-02-14T23:26:41.206170,23.6,36.0
2022-02-14T23:26:41.225031,23.6,36.0
2022-02-14T23:26:43.213031,23.6,36.0
2022-02-14T23:26:43.230967,23.6,36.0
2022-02-14T23:26:45.219015,23.5,36.0
2022-02-14T23:26:45.237931,23.5,36.0
2022-02-14T23:26:47.225977,23.6,36.0
2022-02-14T23:26:47.244817,23.6,36.0
2022-02-14T23:26:49.232841,23.6,36.0
2022-02-14T23:26:49.251766,23.6,36.0
2022-02-14T23:26:51.239820,23.6,36.0
2022-02-14T23:26:51.257777,23.6,36.0
2022-02-14T23:26:53.245794,23.5,36.0
2022-02-14T23:26:53.264657,23.5,36.0
2022-02-14T23:26:55.252713,23.6,36.0
2022-02-14T23:26:55.271599,23.6,36.0
2022-02-14T23:26:57.259612,23.6,36.0
2022-02-14T23:26:57.278533,23.6,36.0
2022-02-14T23:26:59.266519,23.6,36.0
2022-02-14T23:26:59.284449,23.6,36.0
2022-02-14T23:27:01.273649,23.5,36.0
2022-02-14T23:27:01.291431,23.5,36.0
2022-02-14T23:27:03.279410,23.6,36.0
2022-02-14T23:27:03.298344,23.6,36.0
2022-02-14T23:27:05.286501,23.6,36.0
2022-02-14T23:27:05.305388,23.6,36.0
2022-02-14T23:27:07.293421,23.6,36.0
2022-02-14T23:27:07.312238,23.6,36.0
2022-02-14T23:27:09.300224,23.6,36.0
2022-02-14T23:27:09.318173,23.6,36.1
2022-02-14T23:27:11.306207,23.5,36.1
2022-02-14T23:27:11.325105,23.5,36.0
2022-02-14T23:27:13.313121,23.6,36.0
2022-02-14T23:27:13.332041,23.6,36.0
2022-02-14T23:27:15.320098,23.6,36.0
2022-02-14T23:27:15.338973,23.6,36.0
2022-02-14T23:27:17.326991,23.6,36.0
2022-02-14T23:27:17.344896,23.6,36.0
2022-02-14T23:27:19.332900,23.5,36.0
2022-02-14T23:27:19.351829,23.5,36.0
2022-02-14T23:27:21.339912,23.6,36.0
2022-02-14T23:27:21.358788,23.6,36.0
2022-02-14T23:27:23.346805,23.6,36.0
2022-02-14T23:27:23.365763,23.6,36.0
2022-02-14T23:27:25.353838,23.6,36.0
2022-02-14T23:27:25.371661,23.6,36.0
2022-02-14T23:27:27.359638,23.6,36.0
2022-02-14T23:27:27.378596,23.6,36.0
2022-02-14T23:27:29.366601,23.6,36.0
2022-02-14T23:27:29.385579,23.6,36.0
2022-02-14T23:27:31.373655,23.6,36.0
2022-02-14T23:27:31.392473,23.6,36.0
2022-02-14T23:27:33.380485,23.6,36.0
2022-02-14T23:27:33.398416,23.6,36.0
2022-02-14T23:27:35.387471,23.6,36.0
2022-02-14T23:27:35.405414,23.6,36.0
2022-02-14T23:27:37.393432,23.6,36.0
2022-02-14T23:27:37.412285,23.6,36.0
2022-02-14T23:27:39.400377,23.6,36.0
2022-02-14T23:27:39.419242,23.6,36.0
2022-02-14T23:27:41.407306,23.6,36.0
2022-02-14T23:27:41.426180,23.6,36.0
2022-02-14T23:27:43.414177,23.6,36.0
2022-02-14T23:27:43.432082,23.6,36.0
2022-02-14T23:27:45.420166,23.5,36.0
2022-02-14T23:27:45.439048,23.5,35.9
2022-02-14T23:27:47.427051,23.6,35.9
2022-02-14T23:27:47.446006,23.6,36.0
2022-02-14T23:27:49.434034,23.6,36.0
2022-02-14T23:27:49.452908,23.6,36.0
2022-02-14T23:27:51.440966,23.6,36.0
2022-02-14T23:27:51.458865,23.6,36.0
2022-02-14T23:27:53.447862,23.6,36.0
2022-02-14T23:27:53.465852,23.6,36.0
2022-02-14T23:27:55.453914,23.6,36.0
2022-02-14T23:27:55.472732,23.6,36.0
2022-02-14T23:27:57.460733,23.6,36.0
2022-02-14T23:27:57.479658,23.6,36.0
2022-02-14T23:27:59.467661,23.6,36.0
2022-02-14T23:27:59.486653,23.6,36.0
2022-02-14T23:28:01.474675,23.6,36.0
2022-02-14T23:28:01.492555,23.6,36.0
2022-02-14T23:28:03.480557,23.5,36.0
2022-02-14T23:28:03.499490,23.5,36.0
2022-02-14T23:28:05.487649,23.6,36.0
2022-02-14T23:28:05.506459,23.6,36.0
2022-02-14T23:28:07.494421,23.5,36.0
2022-02-14T23:28:07.513424,23.5,36.0
2022-02-14T23:28:09.501479,23.6,36.0
2022-02-14T23:28:09.519320,23.6,36.0
2022-02-14T23:28:11.507366,23.5,36.0
2022-02-14T23:28:11.526253,23.5,36.0
2022-02-14T23:28:13.514249,23.6,36.0
2022-02-14T23:28:13.533244,23.6,36.0
2022-02-14T23:28:15.521307,23.6,36.0
2022-02-14T23:28:15.540137,23.6,36.0
2022-02-14T23:28:17.528127,23.6,36.0
2022-02-14T23:28:17.546063,23.6,36.0
2022-02-14T23:28:19.535043,23.5,36.0
2022-02-14T23:28:19.552964,23.5,35.9
2022-02-14T23:28:21.542094,23.5,35.9
2022-02-14T23:28:21.559931,23.5,35.9
2022-02-14T23:28:23.547941,23.6,35.9
2022-02-14T23:28:23.566856,23.6,36.0
2022-02-14T23:28:25.554928,23.6,36.0
2022-02-14T23:28:25.573865,23.6,36.0
2022-02-14T23:28:27.561856,23.6,36.0
2022-02-14T23:28:27.580724,23.6,36.0
2022-02-14T23:28:29.568731,23.6,36.0
2022-02-14T23:28:29.586669,23.6,36.0
2022-02-14T23:28:31.574752,23.6,36.0
2022-02-14T23:28:31.593661,23.6,36.0
2022-02-14T23:28:33.581697,23.5,36.0
2022-02-14T23:28:33.600545,23.5,36.0
2022-02-14T23:28:35.588610,23.6,36.0
2022-02-14T23:28:35.607503,23.6,36.0
2022-02-14T23:28:37.595491,23.6,36.0
2022-02-14T23:28:37.613474,23.6,36.0
2022-02-14T23:28:39.601477,23.5,36.0
2022-02-14T23:28:39.620346,23.5,36.0
2022-02-14T23:28:41.608465,23.6,36.0
2022-02-14T23:28:41.627359,23.6,36.0
2022-02-14T23:28:43.615344,23.6,36.0
2022-02-14T23:28:43.634263,23.6,36.0
2022-02-14T23:28:45.622332,23.6,36.0
2022-02-14T23:28:45.640220,23.6,36.0
2022-02-14T23:28:47.628193,23.5,36.0
2022-02-14T23:28:47.647113,23.5,36.0
2022-02-14T23:28:49.635130,23.6,36.0
2022-02-14T23:28:49.654043,23.6,36.0
2022-02-14T23:28:51.642155,23.6,36.0
2022-02-14T23:28:51.661019,23.6,36.0
2022-02-14T23:28:53.649020,23.6,36.0
2022-02-14T23:28:53.666950,23.6,36.0
2022-02-14T23:28:55.654998,23.5,36.0
2022-02-14T23:28:55.673935,23.5,36.0
2022-02-14T23:28:57.661975,23.6,36.0
2022-02-14T23:28:57.680806,23.6,36.0
2022-02-14T23:28:59.668798,23.5,36.0
2022-02-14T23:28:59.687738,23.5,36.0
2022-02-14T23:29:01.675826,23.6,36.0
2022-02-14T23:29:01.693779,23.6,36.0
2022-02-14T23:29:03.681871,23.5,36.0
2022-02-14T23:29:03.700642,23.5,36.0
2022-02-14T23:29:05.688725,23.6,36.0
2022-02-14T23:29:05.707605,23.6,36.0
2022-02-14T23:29:07.695606,23.6,36.0
2022-02-14T23:29:07.714505,23.6,36.0
2022-02-14T23:29:09.702513,23.5,36.0
2022-02-14T23:29:09.720417,23.5,36.0
2022-02-14T23:29:11.709572,23.6,36.0
2022-02-14T23:29:11.727387,23.6,36.0
2022-02-14T23:29:13.715496,23.6,36.0
2022-02-14T23:29:13.734355,23.6,36.0
2022-02-14T23:29:15.722394,23.6,36.0
2022-02-14T23:29:15.741345,23.6,36.0
2022-02-14T23:29:17.729480,23.6,36.0
2022-02-14T23:29:17.748216,23.6,36.0
2022-02-14T23:29:19.736190,23.6,36.0
2022-02-14T23:29:19.754136,23.6,36.0
2022-02-14T23:29:21.742208,23.5,36.0
2022-02-14T23:29:21.761060,23.5,36.0
2022-02-14T23:29:23.749073,23.5,36.0
2022-02-14T23:29:23.767998,23.5,36.0
2022-02-14T23:29:25.756057,23.5,36.0
2022-02-14T23:29:25.774930,23.5,36.0
2022-02-14T23:29:27.762946,23.6,36.0
2022-02-14T23:29:27.780846,23.6,36.0
2022-02-14T23:29:29.769928,23.5,36.0
2022-02-14T23:29:29.787776,23.5,35.9
2022-02-14T23:29:31.775846,23.5,35.9
2022-02-14T23:29:31.794738,23.5,35.9
2022-02-14T23:29:33.782763,23.6,35.9
2022-02-14T23:29:33.801728,23.6,36.0
2022-02-14T23:29:35.789789,23.6,36.0
2022-02-14T23:29:35.808605,23.6,36.0
2022-02-14T23:29:37.796635,23.6,36.0
2022-02-14T23:29:37.814565,23.6,36.0
2022-02-14T23:29:39.803546,23.5,36.0
2022-02-14T23:29:39.821531,23.5,35.9
2022-02-14T23:29:41.810568,23.5,35.9
2022-02-14T23:29:41.828432,23.5,35.9
2022-02-14T23:29:43.816482,23.5,35.9
2022-02-14T23:29:43.835382,23.5,35.9
2022-02-14T23:29:45.823447,23.6,35.9
2022-02-14T23:29:45.842325,23.6,36.0
2022-02-14T23:29:47.830313,23.6,36.0
2022-02-14T23:29:47.849294,23.6,36.0
2022-02-14T23:29:49.837347,23.6,36.0
2022-02-14T23:29:49.855179,23.6,36.0
2022-02-14T23:29:51.844231,23.5,36.0
2022-02-14T23:29:51.862152,23.5,35.9
2022-02-14T23:29:53.851245,23.5,35.9
2022-02-14T23:29:53.869101,23.5,35.9
2022-02-14T23:29:55.857227,23.5,35.9
2022-02-14T23:29:55.876030,23.5,35.9
2022-02-14T23:29:57.864028,23.6,35.9
2022-02-14T23:29:57.882958,23.6,36.0
2022-02-14T23:29:59.870955,23.6,36.0
2022-02-14T23:29:59.889918,23.6,36.0
2022-02-14T23:30:01.878239,23.6,36.0
2022-02-14T23:30:01.895902,23.6,36.0
2022-02-14T23:30:03.885205,23.6,36.0
2022-02-14T23:30:03.902841,23.6,36.0
2022-02-14T23:30:05.890942,23.5,36.0
2022-02-14T23:30:05.909805,23.5,36.0
2022-02-14T23:30:07.897815,23.6,36.0
2022-02-14T23:30:07.916650,23.6,36.0
2022-02-14T23:30:09.904655,23.6,36.0
2022-02-14T23:30:09.923599,23.6,36.0
2022-02-14T23:30:11.911747,23.6,36.0
2022-02-14T23:30:11.929573,23.6,36.0
2022-02-14T23:30:13.917712,23.5,36.0
2022-02-14T23:30:13.936462,23.5,36.0
2022-02-14T23:30:15.924624,23.5,36.0
2022-02-14T23:30:15.943428,23.5,36.0
2022-02-14T23:30:17.931503,23.6,36.0
2022-02-14T23:30:17.950349,23.6,36.0
2022-02-14T23:30:19.938337,23.6,36.0
2022-02-14T23:30:19.956292,23.6,36.0
2022-02-14T23:30:21.944388,23.5,36.0
2022-02-14T23:30:21.963245,23.5,36.0
2022-02-14T23:30:23.951226,23.6,36.0
2022-02-14T23:30:23.970151,23.6,36.0
2022-02-14T23:30:25.958206,23.5,36.0
2022-02-14T23:30:25.977095,23.5,36.0
2022-02-14T23:30:27.965087,23.6,36.0
2022-02-14T23:30:27.983022,23.6,36.0
2022-02-14T23:30:29.971018,23.5,36.0
2022-02-14T23:30:29.989991,23.5,36.0
2022-02-14T23:30:31.978036,23.6,36.0
2022-02-14T23:30:31.996878,23.6,36.0
2022-02-14T23:30:33.985218,23.6,36.0
2022-02-14T23:30:34.003893,23.6,36.0
2022-02-14T23:30:35.991905,23.5,36.0
2022-02-14T23:30:36.009859,23.5,36.0
2022-02-14T23:30:37.998004,23.5,36.0
2022-02-14T23:30:38.016739,23.5,36.0
2022-02-14T23:30:40.004705,23.6,36.0
2022-02-14T23:30:40.023635,23.6,36.0
2022-02-14T23:30:42.011712,23.6,36.0
2022-02-14T23:30:42.030599,23.6,36.0
2022-02-14T23:30:44.018603,23.6,36.0
2022-02-14T23:30:44.036510,23.6,36.0
2022-02-14T23:30:46.025908,23.6,36.0
2022-02-14T23:30:46.043471,23.6,36.0
2022-02-14T23:30:48.031499,23.6,36.0
2022-02-14T23:30:48.050425,23.6,36.0
2022-02-14T23:30:50.038430,23.6,36.0
2022-02-14T23:30:50.057402,23.6,36.0
2022-02-14T23:30:52.045456,23.6,36.0
2022-02-14T23:30:52.064275,23.6,36.0
2022-02-14T23:30:54.052308,23.6,36.0
2022-02-14T23:30:54.070218,23.6,36.0
2022-02-14T23:30:56.058258,23.5,36.0
2022-02-14T23:30:56.077215,23.5,36.0
2022-02-14T23:30:58.065246,23.6,36.0
2022-02-14T23:30:58.084060,23.6,36.0
2022-02-14T23:31:00.072078,23.6,36.0
2022-02-14T23:31:00.091002,23.6,36.0
2022-02-14T23:31:02.079094,23.6,36.0
2022-02-14T23:31:02.096975,23.6,36.0
2022-02-14T23:31:04.085812,23.5,36.0
2022-02-14T23:31:04.103600,23.5,35.9
2022-02-14T23:31:06.092034,23.5,35.9
2022-02-14T23:31:06.110863,23.5,35.9
2022-02-14T23:31:08.098885,23.6,35.9
2022-02-14T23:31:08.117823,23.6,36.0
2022-02-14T23:31:10.105922,23.5,36.0
2022-02-14T23:31:10.124735,23.5,35.9
2022-02-14T23:31:12.112800,23.5,35.9
2022-02-14T23:31:12.131657,23.5,35.9
2022-02-14T23:31:14.119713,23.5,35.9
2022-02-14T23:31:14.137668,23.5,36.0
2022-02-14T23:31:16.126683,23.6,36.0
2022-02-14T23:31:16.144544,23.6,36.0
2022-02-14T23:31:18.132584,23.5,36.0
2022-02-14T23:31:18.151478,23.5,35.9
2022-02-14T23:31:20.139664,23.6,35.9
2022-02-14T23:31:20.158477,23.6,36.0
2022-02-14T23:31:22.146497,23.6,36.0
2022-02-14T23:31:22.165451,23.6,36.0
2022-02-14T23:31:24.153475,23.6,36.0
2022-02-14T23:31:24.171310,23.6,36.0
2022-02-14T23:31:26.160485,23.5,36.0
2022-02-14T23:31:26.178242,23.5,36.0
2022-02-14T23:31:28.166266,23.6,36.0
2022-02-14T23:31:28.185231,23.6,36.0
2022-02-14T23:31:30.173432,23.5,36.0
2022-02-14T23:31:30.192128,23.5,36.0
2022-02-14T23:31:32.180193,23.5,36.0
2022-02-14T23:31:32.199071,23.5,36.0
2022-02-14T23:31:34.186936,23.6,36.0
2022-02-14T23:31:34.205457,23.6,36.0
2022-02-14T23:31:36.193293,23.4,36.0
2022-02-14T23:31:36.211989,23.4,35.9
2022-02-14T23:31:38.199950,23.5,35.9
2022-02-14T23:31:38.218863,23.5,36.0
2022-02-14T23:31:40.206914,23.6,36.0
2022-02-14T23:31:40.225849,23.6,36.0
2022-02-14T23:31:42.213890,23.6,36.0
2022-02-14T23:31:42.231729,23.6,36.0
2022-02-14T23:31:44.219710,23.5,36.0
2022-02-14T23:31:44.238663,23.5,36.0
2022-02-14T23:31:46.226737,23.6,36.0
2022-02-14T23:31:46.245670,23.6,36.0
2022-02-14T23:31:48.233667,23.6,36.0
2022-02-14T23:31:48.252511,23.6,36.0
2022-02-14T23:31:50.240704,23.5,36.0
2022-02-14T23:31:50.258527,23.5,36.0
2022-02-14T23:31:52.246498,23.5,36.0
2022-02-14T23:31:52.265475,23.5,36.0
2022-02-14T23:31:54.253657,23.6,36.0
2022-02-14T23:31:54.272351,23.6,36.0
2022-02-14T23:31:56.260494,23.5,36.0
2022-02-14T23:31:56.279301,23.5,36.0
2022-02-14T23:31:58.267391,23.5,36.0
2022-02-14T23:31:58.285294,23.5,36.0
2022-02-14T23:32:00.274375,23.5,36.0
2022-02-14T23:32:00.292194,23.5,36.0
2022-02-14T23:32:02.280277,23.5,36.0
2022-02-14T23:32:02.299103,23.5,36.0
2022-02-14T23:32:04.287112,23.6,36.0
2022-02-14T23:32:04.306068,23.6,36.0
2022-02-14T23:32:06.294332,23.5,36.0
2022-02-14T23:32:06.313027,23.5,36.0
2022-02-14T23:32:08.301084,23.6,36.0
2022-02-14T23:32:08.318924,23.6,36.0
2022-02-14T23:32:10.307063,23.5,36.0
2022-02-14T23:32:10.325917,23.5,36.0
2022-02-14T23:32:12.314021,23.6,36.0
2022-02-14T23:32:12.332803,23.6,36.0
2022-02-14T23:32:14.320897,23.6,36.0
2022-02-14T23:32:14.339740,23.6,36.0
2022-02-14T23:32:16.327864,23.6,36.0
2022-02-14T23:32:16.345735,23.6,36.0
2022-02-14T23:32:18.333854,23.5,36.0
2022-02-14T23:32:18.352617,23.5,36.0
2022-02-14T23:32:20.340751,23.5,36.0
2022-02-14T23:32:20.359562,23.5,36.0
2022-02-14T23:32:22.347697,23.5,36.0
2022-02-14T23:32:22.366510,23.5,36.0
2022-02-14T23:32:24.354506,23.6,36.0
2022-02-14T23:32:24.372421,23.6,36.0
2022-02-14T23:32:26.360580,23.5,36.0
2022-02-14T23:32:26.379399,23.5,36.0
2022-02-14T23:32:28.367367,23.6,36.0
2022-02-14T23:32:28.386323,23.6,36.0
2022-02-14T23:32:30.374458,23.6,36.0
2022-02-14T23:32:30.393321,23.6,36.0
2022-02-14T23:32:32.381401,23.5,36.0
2022-02-14T23:32:32.399169,23.5,36.0
2022-02-14T23:32:34.387291,23.5,36.0
2022-02-14T23:32:34.406126,23.5,36.0
2022-02-14T23:32:36.394244,23.6,36.0
2022-02-14T23:32:36.413081,23.6,36.0
2022-02-14T23:32:38.401213,23.6,36.0
2022-02-14T23:32:38.420032,23.6,36.0
2022-02-14T23:32:40.408143,23.5,36.0
2022-02-14T23:32:40.425984,23.5,36.0
2022-02-14T23:32:42.415037,23.5,36.0
2022-02-14T23:32:42.432878,23.5,36.0
2022-02-14T23:32:44.420890,23.6,36.0
2022-02-14T23:32:44.439816,23.6,36.0
2022-02-14T23:32:46.427946,23.6,36.0
2022-02-14T23:32:46.446773,23.6,36.0
2022-02-14T23:32:48.434847,23.5,36.0
2022-02-14T23:32:48.452675,23.5,36.0
2022-02-14T23:32:50.441889,23.6,36.0
2022-02-14T23:32:50.459642,23.6,36.0
2022-02-14T23:32:52.447614,23.5,36.0
2022-02-14T23:32:52.466560,23.5,36.0
2022-02-14T23:32:54.454752,23.6,36.0
2022-02-14T23:32:54.473602,23.6,36.0
2022-02-14T23:32:56.461762,23.5,36.0
2022-02-14T23:32:56.480454,23.5,36.0
2022-02-14T23:32:58.468542,23.6,36.0
2022-02-14T23:32:58.486394,23.6,36.0
2022-02-14T23:33:00.474510,23.5,36.0
2022-02-14T23:33:00.493396,23.5,36.0
2022-02-14T23:33:02.481505,23.5,36.0
2022-02-14T23:33:02.500259,23.5,36.0
2022-02-14T23:33:04.488500,23.5,36.0
2022-02-14T23:33:04.507247,23.5,36.0
2022-02-14T23:33:06.495349,23.5,36.0
2022-02-14T23:33:06.513266,23.5,36.0
2022-02-14T23:33:08.501334,23.5,36.0
2022-02-14T23:33:08.520062,23.5,36.0
2022-02-14T23:33:10.508216,23.5,36.0
2022-02-14T23:33:10.527025,23.5,36.0
2022-02-14T23:33:12.515101,23.6,36.0
2022-02-14T23:33:12.533979,23.6,36.0
2022-02-14T23:33:14.522100,23.6,36.0
2022-02-14T23:33:14.539896,23.6,36.0
2022-02-14T23:33:16.528010,23.5,36.0
2022-02-14T23:33:16.546837,23.5,36.0
2022-02-14T23:33:18.534935,23.6,36.0
2022-02-14T23:33:18.553829,23.6,36.0
2022-02-14T23:33:20.542008,23.5,36.0
2022-02-14T23:33:20.560698,23.5,36.0
2022-02-14T23:33:22.548819,23.6,36.0
2022-02-14T23:33:22.566654,23.6,36.0
2022-02-14T23:33:24.554697,23.5,36.0
2022-02-14T23:33:24.573644,23.5,36.0
2022-02-14T23:33:26.561879,23.6,36.0
2022-02-14T23:33:26.580512,23.6,36.0
2022-02-14T23:33:28.568610,23.5,36.0
2022-02-14T23:33:28.587463,23.5,36.0
2022-02-14T23:33:30.575602,23.5,36.0
2022-02-14T23:33:30.593470,23.5,36.0
2022-02-14T23:33:32.582636,23.6,36.0
2022-02-14T23:33:32.600371,23.6,36.0
2022-02-14T23:33:34.588447,23.5,36.0
2022-02-14T23:33:34.607269,23.5,35.9
2022-02-14T23:33:36.595390,23.5,35.9
2022-02-14T23:33:36.614216,23.5,35.9
2022-02-14T23:33:38.602314,23.5,35.9
2022-02-14T23:33:38.621194,23.5,36.0
2022-02-14T23:33:40.609331,23.6,36.0
2022-02-14T23:33:40.628125,23.6,36.0
2022-02-14T23:33:42.616107,23.6,36.0
2022-02-14T23:33:42.634024,23.6,36.0
2022-02-14T23:33:44.622062,23.5,36.0
2022-02-14T23:33:44.640938,23.5,36.0
2022-02-14T23:33:46.629026,23.5,36.0
2022-02-14T23:33:46.647911,23.5,35.9
2022-02-14T23:33:48.635900,23.6,35.9
2022-02-14T23:33:48.654841,23.6,36.0
2022-02-14T23:33:50.642906,23.5,36.0
2022-02-14T23:33:50.661847,23.5,36.0
2022-02-14T23:33:52.649842,23.5,36.0
2022-02-14T23:33:52.667698,23.5,36.0
2022-02-14T23:33:54.655725,23.5,36.0
2022-02-14T23:33:54.674641,23.5,36.0
2022-02-14T23:33:56.662748,23.5,36.0
2022-02-14T23:33:56.681659,23.5,36.0
2022-02-14T23:33:58.669676,23.5,36.0
2022-02-14T23:33:58.688514,23.5,36.0
2022-02-14T23:34:00.676583,23.6,36.0
2022-02-14T23:34:00.694487,23.6,36.0
2022-02-14T23:34:02.682525,23.5,36.0
2022-02-14T23:34:02.701467,23.5,36.0
2022-02-14T23:34:04.689272,23.6,36.0
2022-02-14T23:34:04.707999,23.6,36.0
2022-02-14T23:34:06.696414,23.5,36.0
2022-02-14T23:34:06.715285,23.5,36.0
2022-02-14T23:34:08.703281,23.5,36.0
2022-02-14T23:34:08.721289,23.5,36.0
2022-02-14T23:34:10.709346,23.5,36.0
2022-02-14T23:34:10.728164,23.5,36.0
2022-02-14T23:34:12.716147,23.6,36.0
2022-02-14T23:34:12.735068,23.6,36.0
2022-02-14T23:34:14.723135,23.5,36.0
2022-02-14T23:34:14.742038,23.5,36.0
2022-02-14T23:34:16.730099,23.5,36.0
2022-02-14T23:34:16.747979,23.5,36.0
2022-02-14T23:34:18.737043,23.5,36.0
2022-02-14T23:34:18.754926,23.5,36.0
2022-02-14T23:34:20.742973,23.6,36.0
2022-02-14T23:34:20.761914,23.6,36.0
2022-02-14T23:34:22.749934,23.6,36.0
2022-02-14T23:34:22.768774,23.6,36.0
2022-02-14T23:34:24.756800,23.5,36.0
2022-02-14T23:34:24.775718,23.5,36.0
2022-02-14T23:34:26.763776,23.6,36.0
2022-02-14T23:34:26.781739,23.6,36.0
2022-02-14T23:34:28.769823,23.5,36.0
2022-02-14T23:34:28.788627,23.5,36.0
2022-02-14T23:34:30.776690,23.6,36.0
2022-02-14T23:34:30.795551,23.6,36.0
2022-02-14T23:34:32.783552,23.5,36.0
2022-02-14T23:34:32.802490,23.5,36.0
2022-02-14T23:34:34.790782,23.6,36.0
2022-02-14T23:34:34.808494,23.6,36.0
2022-02-14T23:34:36.796477,23.5,36.0
2022-02-14T23:34:36.815363,23.5,36.0
2022-02-14T23:34:38.803376,23.5,36.0
2022-02-14T23:34:38.822284,23.5,36.0
2022-02-14T23:34:40.810328,23.5,36.0
2022-02-14T23:34:40.829285,23.5,36.0
2022-02-14T23:34:42.817325,23.6,36.0
2022-02-14T23:34:42.835145,23.6,36.0
2022-02-14T23:34:44.823145,23.5,36.0
2022-02-14T23:34:44.842091,23.5,36.0
2022-02-14T23:34:46.830153,23.6,36.0
2022-02-14T23:34:46.849022,23.6,36.0
2022-02-14T23:34:48.837052,23.6,36.0
2022-02-14T23:34:48.856001,23.6,36.0
2022-02-14T23:34:50.844035,23.6,36.0
2022-02-14T23:34:50.861957,23.6,36.0
2022-02-14T23:34:52.849947,23.5,36.0
2022-02-14T23:34:52.868838,23.5,36.0
2022-02-14T23:34:54.856869,23.6,36.0
2022-02-14T23:34:54.875789,23.6,36.0
2022-02-14T23:34:56.863821,23.5,36.0
2022-02-14T23:34:56.882741,23.5,36.0
2022-02-14T23:34:58.870777,23.5,36.0
2022-02-14T23:34:58.888667,23.5,36.0
2022-02-14T23:35:00.877936,23.6,36.0
2022-02-14T23:35:00.895658,23.6,36.0
2022-02-14T23:35:02.883864,23.6,36.0
2022-02-14T23:35:02.902596,23.6,36.0
2022-02-14T23:35:04.890678,23.5,36.0
2022-02-14T23:35:04.909574,23.5,36.0
2022-02-14T23:35:06.897651,23.5,36.0
2022-02-14T23:35:06.916439,23.5,36.0
2022-02-14T23:35:08.904417,23.6,36.0
2022-02-14T23:35:08.922347,23.6,36.0
2022-02-14T23:35:10.910413,23.5,36.0
2022-02-14T23:35:10.929355,23.5,36.0
2022-02-14T23:35:12.917363,23.5,36.0
2022-02-14T23:35:12.936216,23.5,36.0
2022-02-14T23:35:14.924288,23.5,36.0
2022-02-14T23:35:14.943181,23.5,36.0
2022-02-14T23:35:16.931232,23.6,36.0
2022-02-14T23:35:16.949114,23.6,36.0
2022-02-14T23:35:18.938145,23.5,36.0
2022-02-14T23:35:18.956046,23.5,35.9
2022-02-14T23:35:20.944121,23.5,35.9
2022-02-14T23:35:20.963010,23.5,36.0
2022-02-14T23:35:22.951024,23.5,36.0
2022-02-14T23:35:22.969980,23.5,35.9
2022-02-14T23:35:24.957988,23.6,35.9
2022-02-14T23:35:24.976878,23.6,36.0
2022-02-14T23:35:26.964982,23.6,36.0
2022-02-14T23:35:26.982828,23.6,36.0
2022-02-14T23:35:28.971811,23.5,36.0
2022-02-14T23:35:28.989799,23.5,35.9
2022-02-14T23:35:30.977894,23.5,35.9
2022-02-14T23:35:30.996707,23.5,36.0
2022-02-14T23:35:32.984973,23.5,36.0
2022-02-14T23:35:33.003692,23.5,35.9
2022-02-14T23:35:34.991665,23.6,35.9
2022-02-14T23:35:35.010585,23.6,36.0
2022-02-14T23:35:36.998629,23.6,36.0
2022-02-14T23:35:37.017570,23.6,36.0
2022-02-14T23:35:39.005567,23.6,36.0
2022-02-14T23:35:39.023452,23.6,36.0
2022-02-14T23:35:41.011488,23.5,36.0
2022-02-14T23:35:41.030372,23.5,35.9
2022-02-14T23:35:43.018403,23.6,35.9
2022-02-14T23:35:43.037362,23.6,36.0
2022-02-14T23:35:45.025402,23.5,36.0
2022-02-14T23:35:45.044257,23.5,35.9
2022-02-14T23:35:47.032295,23.6,35.9
2022-02-14T23:35:47.051190,23.6,36.0
2022-02-14T23:35:49.039185,23.6,36.0
2022-02-14T23:35:49.057108,23.6,36.0
2022-02-14T23:35:51.046178,23.5,36.0
2022-02-14T23:35:51.064064,23.5,35.9
2022-02-14T23:35:53.052071,23.5,35.9
2022-02-14T23:35:53.070969,23.5,35.9
2022-02-14T23:35:55.059015,23.6,35.9
2022-02-14T23:35:55.077966,23.6,36.0
2022-02-14T23:35:57.066009,23.6,36.0
2022-02-14T23:35:57.084881,23.6,36.0
2022-02-14T23:35:59.072904,23.6,36.0
2022-02-14T23:35:59.091806,23.6,36.0
2022-02-14T23:36:01.079846,23.6,36.0
2022-02-14T23:36:01.097811,23.6,36.0
2022-02-14T23:36:03.085948,23.5,36.0
2022-02-14T23:36:03.104704,23.5,35.9
2022-02-14T23:36:05.092831,23.6,35.9
2022-02-14T23:36:05.111675,23.6,36.0
2022-02-14T23:36:07.099684,23.6,36.0
2022-02-14T23:36:07.118578,23.6,36.0
2022-02-14T23:36:09.106606,23.6,36.0
2022-02-14T23:36:09.124486,23.6,36.0
2022-02-14T23:36:11.113659,23.6,36.0
2022-02-14T23:36:11.131446,23.6,36.0
2022-02-14T23:36:13.119472,23.5,36.0
2022-02-14T23:36:13.138382,23.5,36.0
2022-02-14T23:36:15.126413,23.6,36.0
2022-02-14T23:36:15.145352,23.6,36.0
2022-02-14T23:36:17.133491,23.6,36.0
2022-02-14T23:36:17.152260,23.6,36.0
2022-02-14T23:36:19.140243,23.6,36.0
2022-02-14T23:36:19.158177,23.6,36.0
2022-02-14T23:36:21.146230,23.5,36.0
2022-02-14T23:36:21.165189,23.5,35.9
2022-02-14T23:36:23.153098,23.6,35.9
2022-02-14T23:36:23.172050,23.6,36.0
2022-02-14T23:36:25.160060,23.6,36.0
2022-02-14T23:36:25.179000,23.6,36.0
2022-02-14T23:36:27.167027,23.6,36.0
2022-02-14T23:36:27.184942,23.6,36.0
2022-02-14T23:36:29.173976,23.6,36.0
2022-02-14T23:36:29.191879,23.6,36.0
2022-02-14T23:36:31.179916,23.6,36.0
2022-02-14T23:36:31.198842,23.6,36.0
2022-02-14T23:36:33.186816,23.6,36.0
2022-02-14T23:36:33.205794,23.6,36.0
2022-02-14T23:36:35.193988,23.6,36.0
2022-02-14T23:36:35.212766,23.6,36.0
2022-02-14T23:36:37.200726,23.6,36.0
2022-02-14T23:36:37.218636,23.6,36.0
2022-02-14T23:36:39.206632,23.6,36.0
2022-02-14T23:36:39.225620,23.6,36.0
2022-02-14T23:36:41.213691,23.6,36.0
2022-02-14T23:36:41.232527,23.6,36.0
2022-02-14T23:36:43.220502,23.6,36.0
2022-02-14T23:36:43.239425,23.6,35.9
2022-02-14T23:36:45.227493,23.6,35.9
2022-02-14T23:36:45.245442,23.6,35.9
2022-02-14T23:36:47.234393,23.5,35.9
2022-02-14T23:36:47.252304,23.5,35.9
2022-02-14T23:36:49.241407,23.5,35.9
2022-02-14T23:36:49.259243,23.5,35.9
2022-02-14T23:36:51.247281,23.6,35.9
2022-02-14T23:36:51.266201,23.6,36.0
2022-02-14T23:36:53.254208,23.6,36.0
2022-02-14T23:36:53.273115,23.6,36.0
2022-02-14T23:36:55.261259,23.6,36.0
2022-02-14T23:36:55.280097,23.6,36.0
2022-02-14T23:36:57.268095,23.6,36.0
2022-02-14T23:36:57.286018,23.6,35.9
2022-02-14T23:36:59.275012,23.5,35.9
2022-02-14T23:36:59.292926,23.5,35.9
2022-02-14T23:37:01.281018,23.5,35.9
2022-02-14T23:37:01.299912,23.5,35.9
2022-02-14T23:37:03.287913,23.6,35.9
2022-02-14T23:37:03.306836,23.6,35.9
2022-02-14T23:37:05.294982,23.6,35.9
2022-02-14T23:37:05.313876,23.6,35.9
2022-02-14T23:37:07.301890,23.6,35.9
2022-02-14T23:37:07.320695,23.6,35.9
2022-02-14T23:37:09.308712,23.6,35.9
2022-02-14T23:37:09.326659,23.6,35.9
2022-02-14T23:37:11.315681,23.5,35.9
2022-02-14T23:37:11.333660,23.5,35.9
2022-02-14T23:37:13.322597,23.5,35.9
2022-02-14T23:37:13.340507,23.5,35.9
2022-02-14T23:37:15.328559,23.6,35.9
2022-02-14T23:37:15.347482,23.6,35.9
2022-02-14T23:37:17.335470,23.6,35.9
2022-02-14T23:37:17.354411,23.6,35.9
2022-02-14T23:37:19.342399,23.6,35.9
2022-02-14T23:37:19.361375,23.6,35.9
2022-02-14T23:37:21.349453,23.6,35.9
2022-02-14T23:37:21.368289,23.6,35.9
2022-02-14T23:37:23.356266,23.6,35.9
2022-02-14T23:37:23.374206,23.6,35.9
2022-02-14T23:37:25.363245,23.5,35.9
2022-02-14T23:37:25.381220,23.5,35.9
2022-02-14T23:37:27.369226,23.6,35.9
2022-02-14T23:37:27.388075,23.6,35.9
2022-02-14T23:37:29.376085,23.6,35.9
2022-02-14T23:37:29.395018,23.6,35.9
2022-02-14T23:37:31.383079,23.6,35.9
2022-02-14T23:37:31.402029,23.6,35.9
2022-02-14T23:37:33.390098,23.6,35.9
2022-02-14T23:37:33.408894,23.6,35.9
2022-02-14T23:37:35.397025,23.6,35.9
2022-02-14T23:37:35.414849,23.6,35.9
2022-02-14T23:37:37.402913,23.6,35.9
2022-02-14T23:37:37.421849,23.6,35.9
2022-02-14T23:37:39.409934,23.6,35.9
2022-02-14T23:37:39.428694,23.6,35.9
2022-02-14T23:37:41.416889,23.6,35.9
2022-02-14T23:37:41.435680,23.6,35.9
2022-02-14T23:37:43.423752,23.6,35.9
2022-02-14T23:37:43.442598,23.6,35.9
2022-02-14T23:37:45.430746,23.6,35.9
2022-02-14T23:37:45.448543,23.6,35.9
2022-02-14T23:37:47.437689,23.6,35.9
2022-02-14T23:37:47.455454,23.6,35.9
2022-02-14T23:37:49.443479,23.6,35.9
2022-02-14T23:37:49.462402,23.6,35.9
2022-02-14T23:37:51.450531,23.6,35.9
2022-02-14T23:37:51.469414,23.6,35.9
2022-02-14T23:37:53.457523,23.6,35.9
2022-02-14T23:37:53.476277,23.6,35.9
2022-02-14T23:37:55.464405,23.6,35.9
2022-02-14T23:37:55.483234,23.6,35.9
2022-02-14T23:37:57.471311,23.6,35.9
2022-02-14T23:37:57.489209,23.6,35.9
2022-02-14T23:37:59.477297,23.6,35.9
2022-02-14T23:37:59.496074,23.6,35.9
2022-02-14T23:38:01.484253,23.6,35.9
2022-02-14T23:38:01.503057,23.6,35.9
2022-02-14T23:38:03.491147,23.6,35.9
2022-02-14T23:38:03.510011,23.6,35.9
2022-02-14T23:38:05.498243,23.6,35.9
2022-02-14T23:38:05.516953,23.6,35.9
2022-02-14T23:38:07.504909,23.6,35.9
2022-02-14T23:38:07.522855,23.6,35.9
2022-02-14T23:38:09.510944,23.6,35.9
2022-02-14T23:38:09.529869,23.6,35.9
2022-02-14T23:38:11.518060,23.6,35.9
2022-02-14T23:38:11.536722,23.6,35.9
2022-02-14T23:38:13.524737,23.6,35.9
2022-02-14T23:38:13.543671,23.6,35.9
2022-02-14T23:38:15.531801,23.6,35.9
2022-02-14T23:38:15.550626,23.6,35.9
2022-02-14T23:38:17.538699,23.6,35.9
2022-02-14T23:38:17.556535,23.6,35.9
2022-02-14T23:38:19.545698,23.6,35.9
2022-02-14T23:38:19.563469,23.6,35.9
2022-02-14T23:38:21.551620,23.6,35.9
2022-02-14T23:38:21.570424,23.6,35.9
2022-02-14T23:38:23.558416,23.6,35.9
2022-02-14T23:38:23.577413,23.6,35.9
2022-02-14T23:38:25.565593,23.5,35.9
2022-02-14T23:38:25.584327,23.5,35.8
2022-02-14T23:38:27.572408,23.6,35.8
2022-02-14T23:38:27.591234,23.6,35.9
2022-02-14T23:38:29.579236,23.6,35.9
2022-02-14T23:38:29.597219,23.6,35.9
2022-02-14T23:38:31.585303,23.6,35.9
2022-02-14T23:38:31.604157,23.6,35.9
2022-02-14T23:38:33.592108,23.6,35.9
2022-02-14T23:38:33.611047,23.6,35.9
2022-02-14T23:38:35.599188,23.6,35.9
2022-02-14T23:38:35.618026,23.6,35.9
2022-02-14T23:38:37.606123,23.6,35.9
2022-02-14T23:38:37.624922,23.6,35.9
2022-02-14T23:38:39.613056,23.6,35.9
2022-02-14T23:38:39.630858,23.6,35.9
2022-02-14T23:38:41.620031,23.6,35.9
2022-02-14T23:38:41.637864,23.6,35.9
2022-02-14T23:38:43.625951,23.6,35.9
2022-02-14T23:38:43.644729,23.6,35.9
2022-02-14T23:38:45.632895,23.6,35.9
2022-02-14T23:38:45.651690,23.6,35.9
2022-02-14T23:38:47.639677,23.6,35.9
2022-02-14T23:38:47.658606,23.6,35.9
2022-02-14T23:38:49.646705,23.6,35.9
2022-02-14T23:38:49.665595,23.6,35.9
2022-02-14T23:38:51.653762,23.6,35.9
2022-02-14T23:38:51.671492,23.6,35.9
2022-02-14T23:38:53.659496,23.5,35.9
2022-02-14T23:38:53.678437,23.5,35.8
2022-02-14T23:38:55.666566,23.6,35.8
2022-02-14T23:38:55.685421,23.6,35.9
2022-02-14T23:38:57.673537,23.5,35.9
2022-02-14T23:38:57.692298,23.5,35.8
2022-02-14T23:38:59.680307,23.6,35.8
2022-02-14T23:38:59.699235,23.6,35.9
2022-02-14T23:39:01.687402,23.6,35.9
2022-02-14T23:39:01.705251,23.6,35.9
2022-02-14T23:39:03.694410,23.6,35.9
2022-02-14T23:39:03.712180,23.6,35.9
2022-02-14T23:39:05.700170,23.6,35.9
2022-02-14T23:39:05.719048,23.6,35.9
2022-02-14T23:39:07.707064,23.6,35.9
2022-02-14T23:39:07.726008,23.6,35.9
2022-02-14T23:39:09.714031,23.6,35.9
2022-02-14T23:39:09.732916,23.6,35.9
2022-02-14T23:39:11.721006,23.6,35.9
2022-02-14T23:39:11.738884,23.6,35.9
2022-02-14T23:39:13.727877,23.6,35.9
2022-02-14T23:39:13.745842,23.6,35.9
2022-02-14T23:39:15.733900,23.5,35.9
2022-02-14T23:39:15.752736,23.5,35.8
2022-02-14T23:39:17.740757,23.6,35.8
2022-02-14T23:39:17.759675,23.6,35.9
2022-02-14T23:39:19.747696,23.6,35.9
2022-02-14T23:39:19.766620,23.6,35.9
2022-02-14T23:39:21.754721,23.6,35.9
2022-02-14T23:39:21.773634,23.6,35.9
2022-02-14T23:39:23.761618,23.6,35.9
2022-02-14T23:39:23.779486,23.6,35.9
2022-02-14T23:39:25.767534,23.5,35.9
2022-02-14T23:39:25.786421,23.5,35.8
2022-02-14T23:39:27.774415,23.6,35.8
2022-02-14T23:39:27.793435,23.6,35.9
2022-02-14T23:39:29.781459,23.5,35.9
2022-02-14T23:39:29.800312,23.5,35.8
2022-02-14T23:39:31.788361,23.6,35.8
2022-02-14T23:39:31.807251,23.6,35.9
2022-02-14T23:39:33.795269,23.6,35.9
2022-02-14T23:39:33.813243,23.6,35.9
2022-02-14T23:39:35.802221,23.6,35.9
2022-02-14T23:39:35.820121,23.6,35.9
2022-02-14T23:39:37.808130,23.6,35.9
2022-02-14T23:39:37.827063,23.6,35.9
2022-02-14T23:39:39.815056,23.6,35.9
2022-02-14T23:39:39.834010,23.6,35.9
2022-02-14T23:39:41.822082,23.6,35.9
2022-02-14T23:39:41.840930,23.6,35.9
2022-02-14T23:39:43.828988,23.6,35.9
2022-02-14T23:39:43.847884,23.6,35.9
2022-02-14T23:39:45.835931,23.6,35.9
2022-02-14T23:39:45.853862,23.6,35.9
2022-02-14T23:39:47.841938,23.5,35.9
2022-02-14T23:39:47.860729,23.5,35.8
2022-02-14T23:39:49.848747,23.6,35.8
2022-02-14T23:39:49.867693,23.6,35.9
2022-02-14T23:39:51.855734,23.6,35.9
2022-02-14T23:39:51.874628,23.6,35.9
2022-02-14T23:39:53.862641,23.6,35.9
2022-02-14T23:39:53.881647,23.6,35.9
2022-02-14T23:39:55.869685,23.6,35.9
2022-02-14T23:39:55.887503,23.6,35.9
2022-02-14T23:39:57.875494,23.5,35.9
2022-02-14T23:39:57.894423,23.5,35.8
2022-02-14T23:39:59.882437,23.6,35.8
2022-02-14T23:39:59.901412,23.6,35.9
2022-02-14T23:40:01.889572,23.5,35.9
2022-02-14T23:40:01.908190,23.5,35.8
2022-02-14T23:40:03.896502,23.6,35.8
2022-02-14T23:40:03.915279,23.6,35.8
2022-02-14T23:40:05.903474,23.6,35.8
2022-02-14T23:40:05.921302,23.6,35.8
2022-02-14T23:40:07.910313,23.6,35.8
2022-02-14T23:40:07.928152,23.6,35.8
2022-02-14T23:40:09.916229,23.6,35.8
2022-02-14T23:40:09.935061,23.6,35.8
2022-02-14T23:40:11.923219,23.6,35.8
2022-02-14T23:40:11.942065,23.6,35.8
2022-02-14T23:40:13.930062,23.6,35.8
2022-02-14T23:40:13.948944,23.6,35.8
2022-02-14T23:40:15.937056,23.6,35.8
2022-02-14T23:40:15.955908,23.6,35.8
2022-02-14T23:40:17.943929,23.6,35.8
2022-02-14T23:40:17.961861,23.6,35.8
2022-02-14T23:40:19.949891,23.5,35.8
2022-02-14T23:40:19.968743,23.5,35.8
2022-02-14T23:40:21.956819,23.6,35.8
2022-02-14T23:40:21.975694,23.6,35.8
2022-02-14T23:40:23.963704,23.6,35.8
2022-02-14T23:40:23.982631,23.6,35.8
2022-02-14T23:40:25.970688,23.6,35.8
2022-02-14T23:40:25.989634,23.6,35.8
2022-02-14T23:40:27.977618,23.6,35.8
2022-02-14T23:40:27.995499,23.6,35.8
2022-02-14T23:40:29.984516,23.6,35.8
2022-02-14T23:40:30.002445,23.6,35.8
2022-02-14T23:40:31.990497,23.6,35.8
2022-02-14T23:40:32.009438,23.6,35.8
2022-02-14T23:40:33.997703,23.6,35.8
2022-02-14T23:40:34.016369,23.6,35.8
2022-02-14T23:40:36.004412,23.6,35.8
2022-02-14T23:40:36.023298,23.6,35.8
2022-02-14T23:40:38.011301,23.6,35.8
2022-02-14T23:40:38.030223,23.6,35.9
2022-02-14T23:40:40.018217,23.6,35.9
2022-02-14T23:40:40.036133,23.6,35.9
2022-02-14T23:40:42.024197,23.6,35.9
2022-02-14T23:40:42.043139,23.6,35.9
2022-02-14T23:40:44.031123,23.6,35.9
2022-02-14T23:40:44.050024,23.6,35.9
2022-02-14T23:40:46.038148,23.6,35.9
2022-02-14T23:40:46.056978,23.6,35.9
2022-02-14T23:40:48.044992,23.6,35.9
2022-02-14T23:40:48.063900,23.6,35.9
2022-02-14T23:40:50.051919,23.6,35.9
2022-02-14T23:40:50.069874,23.6,35.9
2022-02-14T23:40:52.057964,23.5,35.9
2022-02-14T23:40:52.076780,23.5,35.8
2022-02-14T23:40:54.064813,23.6,35.8
2022-02-14T23:40:54.083716,23.6,35.9
2022-02-14T23:40:56.071763,23.6,35.9
2022-02-14T23:40:56.090665,23.6,35.9
2022-02-14T23:40:58.078691,23.6,35.9
2022-02-14T23:40:58.097648,23.6,35.9
2022-02-14T23:41:00.085659,23.6,35.9
2022-02-14T23:41:00.103489,23.6,35.9
2022-02-14T23:41:02.092591,23.6,35.9
2022-02-14T23:41:02.110489,23.6,35.9
2022-02-14T23:41:04.098637,23.5,35.9
2022-02-14T23:41:04.117488,23.5,35.8
2022-02-14T23:41:06.105547,23.6,35.8
2022-02-14T23:41:06.124347,23.6,35.9
2022-02-14T23:41:08.112345,23.6,35.9
2022-02-14T23:41:08.131263,23.6,35.9
2022-02-14T23:41:10.119288,23.6,35.9
2022-02-14T23:41:10.138219,23.6,35.9
2022-02-14T23:41:12.126270,23.6,35.9
2022-02-14T23:41:12.144150,23.6,35.9
2022-02-14T23:41:14.132166,23.5,35.9
2022-02-14T23:41:14.151086,23.5,35.8
2022-02-14T23:41:16.139135,23.6,35.8
2022-02-14T23:41:16.158029,23.6,35.9
2022-02-14T23:41:18.146132,23.6,35.9
2022-02-14T23:41:18.164972,23.6,35.9
2022-02-14T23:41:20.152973,23.6,35.9
2022-02-14T23:41:20.171903,23.6,35.9
2022-02-14T23:41:22.159952,23.6,35.9
2022-02-14T23:41:22.177879,23.6,35.9
2022-02-14T23:41:24.166866,23.5,35.9
2022-02-14T23:41:24.184780,23.5,35.8
2022-02-14T23:41:26.172831,23.6,35.8
2022-02-14T23:41:26.191726,23.6,35.9
2022-02-14T23:41:28.179705,23.6,35.9
2022-02-14T23:41:28.198659,23.6,35.9
2022-02-14T23:41:30.186664,23.6,35.9
2022-02-14T23:41:30.205643,23.6,35.9
2022-02-14T23:41:32.193710,23.5,35.9
2022-02-14T23:41:32.212544,23.5,35.8
2022-02-14T23:41:34.200552,23.6,35.8
2022-02-14T23:41:34.218498,23.6,35.9
2022-02-14T23:41:36.206524,23.5,35.9
2022-02-14T23:41:36.225464,23.5,35.8
2022-02-14T23:41:38.213504,23.6,35.8
2022-02-14T23:41:38.232344,23.6,35.9
2022-02-14T23:41:40.220375,23.6,35.9
2022-02-14T23:41:40.239300,23.6,35.9
2022-02-14T23:41:42.227342,23.6,35.9
2022-02-14T23:41:42.246243,23.6,35.9
2022-02-14T23:41:44.234240,23.6,35.9
2022-02-14T23:41:44.252174,23.6,35.9
2022-02-14T23:41:46.241302,23.5,35.9
2022-02-14T23:41:46.259131,23.5,35.8
2022-02-14T23:41:48.247094,23.6,35.8
2022-02-14T23:41:48.266053,23.6,35.9
2022-02-14T23:41:50.254157,23.6,35.9
2022-02-14T23:41:50.273018,23.6,35.9
2022-02-14T23:41:52.261025,23.6,35.9
2022-02-14T23:41:52.279907,23.6,35.9
2022-02-14T23:41:54.267939,23.6,35.9
2022-02-14T23:41:54.285897,23.6,35.9
2022-02-14T23:41:56.274906,23.6,35.9
2022-02-14T23:41:56.292782,23.6,35.9
2022-02-14T23:41:58.280797,23.5,35.9
2022-02-14T23:41:58.299703,23.5,35.8
2022-02-14T23:42:00.287763,23.6,35.8
2022-02-14T23:42:00.306673,23.6,35.9
2022-02-14T23:42:02.294699,23.6,35.9
2022-02-14T23:42:02.313661,23.6,35.9
2022-02-14T23:42:04.301813,23.5,35.9
2022-02-14T23:42:04.320578,23.5,35.8
2022-02-14T23:42:06.308602,23.6,35.8
2022-02-14T23:42:06.326484,23.6,35.9
2022-02-14T23:42:08.314472,23.5,35.9
2022-02-14T23:42:08.333458,23.5,35.8
2022-02-14T23:42:10.321520,23.6,35.8
2022-02-14T23:42:10.340338,23.6,35.8
2022-02-14T23:42:12.328341,23.6,35.8
2022-02-14T23:42:12.347264,23.6,35.8
2022-02-14T23:42:14.335287,23.6,35.8
2022-02-14T23:42:14.354232,23.6,35.8
2022-02-14T23:42:16.342270,23.6,35.8
2022-02-14T23:42:16.360148,23.6,35.9
2022-02-14T23:42:18.349246,23.6,35.9
2022-02-14T23:42:18.367105,23.6,35.9
2022-02-14T23:42:20.355190,23.6,35.9
2022-02-14T23:42:20.374068,23.6,35.9
2022-02-14T23:42:22.362088,23.6,35.9
2022-02-14T23:42:22.381012,23.6,35.9
2022-02-14T23:42:24.369008,23.6,35.9
2022-02-14T23:42:24.387936,23.6,35.9
2022-02-14T23:42:26.375989,23.6,35.9
2022-02-14T23:42:26.394890,23.6,35.9
2022-02-14T23:42:28.382886,23.6,35.9
2022-02-14T23:42:28.400799,23.6,35.8
2022-02-14T23:42:30.388856,23.5,35.8
2022-02-14T23:42:30.407776,23.5,35.8
2022-02-14T23:42:32.395758,23.6,35.8
2022-02-14T23:42:32.414694,23.6,35.9
2022-02-14T23:42:34.402692,23.6,35.9
2022-02-14T23:42:34.421687,23.6,35.9
2022-02-14T23:42:36.409722,23.5,35.9
2022-02-14T23:42:36.428570,23.5,35.8
2022-02-14T23:42:38.416584,23.6,35.8
2022-02-14T23:42:38.434502,23.6,35.9
2022-02-14T23:42:40.423537,23.5,35.9
2022-02-14T23:42:40.441498,23.5,35.8
2022-02-14T23:42:42.429513,23.6,35.8
2022-02-14T23:42:42.448365,23.6,35.8
2022-02-14T23:42:44.436381,23.6,35.8
2022-02-14T23:42:44.455302,23.6,35.8
2022-02-14T23:42:46.443356,23.6,35.8
2022-02-14T23:42:46.462275,23.6,35.8
2022-02-14T23:42:48.450234,23.6,35.8
2022-02-14T23:42:48.469222,23.6,35.8
2022-02-14T23:42:50.457367,23.6,35.8
2022-02-14T23:42:50.475127,23.6,35.8
2022-02-14T23:42:52.463193,23.5,35.8
2022-02-14T23:42:52.482070,23.5,35.8
2022-02-14T23:42:54.470077,23.6,35.8
2022-02-14T23:42:54.489016,23.6,35.8
2022-02-14T23:42:56.477028,23.6,35.8
2022-02-14T23:42:56.495939,23.6,35.9
2022-02-14T23:42:58.483944,23.6,35.9
2022-02-14T23:42:58.502869,23.6,35.8
2022-02-14T23:43:00.490904,23.6,35.8
2022-02-14T23:43:00.508789,23.6,35.9
2022-02-14T23:43:02.496843,23.5,35.9
2022-02-14T23:43:02.515730,23.5,35.8
2022-02-14T23:43:04.503860,23.6,35.8
2022-02-14T23:43:04.522711,23.6,35.9
2022-02-14T23:43:06.510756,23.6,35.9
2022-02-14T23:43:06.529675,23.6,35.9
2022-02-14T23:43:08.517668,23.6,35.9
2022-02-14T23:43:08.536543,23.6,35.9
2022-02-14T23:43:10.524609,23.6,35.9
2022-02-14T23:43:10.542508,23.6,35.9
2022-02-14T23:43:12.531488,23.5,35.9
2022-02-14T23:43:12.549472,23.5,35.8
2022-02-14T23:43:14.537511,23.5,35.8
2022-02-14T23:43:14.556366,23.5,35.8
2022-02-14T23:43:16.544396,23.6,35.8
2022-02-14T23:43:16.563317,23.6,35.9
2022-02-14T23:43:18.551325,23.6,35.9
2022-02-14T23:43:18.570247,23.6,35.9
2022-02-14T23:43:20.558282,23.6,35.9
2022-02-14T23:43:20.577253,23.6,35.8
2022-02-14T23:43:22.565273,23.6,35.8
2022-02-14T23:43:22.583109,23.6,35.8
2022-02-14T23:43:24.571166,23.5,35.8
2022-02-14T23:43:24.590087,23.5,35.8
2022-02-14T23:43:26.578140,23.6,35.8
2022-02-14T23:43:26.597016,23.6,35.8
2022-02-14T23:43:28.585011,23.6,35.8
2022-02-14T23:43:28.603949,23.6,35.8
2022-02-14T23:43:30.591989,23.6,35.8
2022-02-14T23:43:30.610903,23.6,35.8
2022-02-14T23:43:32.598875,23.6,35.8
2022-02-14T23:43:32.616800,23.6,35.8
2022-02-14T23:43:34.605892,23.5,35.8
2022-02-14T23:43:34.623743,23.5,35.8
2022-02-14T23:43:36.611782,23.6,35.8
2022-02-14T23:43:36.630702,23.6,35.8
2022-02-14T23:43:38.618703,23.6,35.8
2022-02-14T23:43:38.637681,23.6,35.8
2022-02-14T23:43:40.625737,23.6,35.8
2022-02-14T23:43:40.644574,23.6,35.8
2022-02-14T23:43:42.632580,23.6,35.8
2022-02-14T23:43:42.650496,23.6,35.8
2022-02-14T23:43:44.639493,23.6,35.8
2022-02-14T23:43:44.657475,23.6,35.8
2022-02-14T23:43:46.645568,23.5,35.8
2022-02-14T23:43:46.664382,23.5,35.8
2022-02-14T23:43:48.652369,23.6,35.8
2022-02-14T23:43:48.671306,23.6,35.8
2022-02-14T23:43:50.659361,23.6,35.8
2022-02-14T23:43:50.678274,23.6,35.8
2022-02-14T23:43:52.666254,23.5,35.8
2022-02-14T23:43:52.685231,23.5,35.8
2022-02-14T23:43:54.673290,23.6,35.8
2022-02-14T23:43:54.691121,23.6,35.8
2022-02-14T23:43:56.679214,23.5,35.8
2022-02-14T23:43:56.698102,23.5,35.8
2022-02-14T23:43:58.686129,23.6,35.8
2022-02-14T23:43:58.705028,23.6,35.8
2022-02-14T23:44:00.693068,23.6,35.8
2022-02-14T23:44:00.711953,23.6,35.8
2022-02-14T23:44:02.699984,23.6,35.8
2022-02-14T23:44:02.718908,23.6,35.8
2022-02-14T23:44:04.707008,23.6,35.8
2022-02-14T23:44:04.724856,23.6,35.8
2022-02-14T23:44:06.713962,23.5,35.8
2022-02-14T23:44:06.731772,23.5,35.8
2022-02-14T23:44:08.719761,23.6,35.8
2022-02-14T23:44:08.738688,23.6,35.8
2022-02-14T23:44:10.726743,23.6,35.8
2022-02-14T23:44:10.745693,23.6,35.8
2022-02-14T23:44:12.733701,23.6,35.8
2022-02-14T23:44:12.752559,23.6,35.8
2022-02-14T23:44:14.740582,23.6,35.8
2022-02-14T23:44:14.759504,23.6,35.8
2022-02-14T23:44:16.747533,23.6,35.8
2022-02-14T23:44:16.765515,23.6,35.8
2022-02-14T23:44:18.753530,23.5,35.8
2022-02-14T23:44:18.772379,23.5,35.8
2022-02-14T23:44:20.760408,23.6,35.8
2022-02-14T23:44:20.779324,23.6,35.8
2022-02-14T23:44:22.767332,23.6,35.8
2022-02-14T23:44:22.786262,23.6,35.8
2022-02-14T23:44:24.774252,23.6,35.8
2022-02-14T23:44:24.793256,23.6,35.8
2022-02-14T23:44:26.781381,23.6,35.8
2022-02-14T23:44:26.799150,23.6,35.8
2022-02-14T23:44:28.788144,23.6,35.8
2022-02-14T23:44:28.806078,23.6,35.8
2022-02-14T23:44:30.794181,23.6,35.8
2022-02-14T23:44:30.813045,23.6,35.8
2022-02-14T23:44:32.801034,23.6,35.8
2022-02-14T23:44:32.819950,23.6,35.8
2022-02-14T23:44:34.807971,23.6,35.8
2022-02-14T23:44:34.826894,23.6,35.8
2022-02-14T23:44:36.814940,23.6,35.8
2022-02-14T23:44:36.832839,23.6,35.8
2022-02-14T23:44:38.821913,23.5,35.8
2022-02-14T23:44:38.839772,23.5,35.8
2022-02-14T23:44:40.827811,23.5,35.8
2022-02-14T23:44:40.846723,23.5,35.8
2022-02-14T23:44:42.834740,23.6,35.8
2022-02-14T23:44:42.853691,23.6,35.8
2022-02-14T23:44:44.841711,23.6,35.8
2022-02-14T23:44:44.860579,23.6,35.8
2022-02-14T23:44:46.848640,23.6,35.8
2022-02-14T23:44:46.867525,23.6,35.8
2022-02-14T23:44:48.855515,23.6,35.8
2022-02-14T23:44:48.873510,23.6,35.8
2022-02-14T23:44:50.861568,23.6,35.8
2022-02-14T23:44:50.880410,23.6,35.8
2022-02-14T23:44:52.868399,23.6,35.8
2022-02-14T23:44:52.887347,23.6,35.8
2022-02-14T23:44:54.875449,23.6,35.8
2022-02-14T23:44:54.894312,23.6,35.8
2022-02-14T23:44:56.882338,23.6,35.8
2022-02-14T23:44:56.901283,23.6,35.8
2022-02-14T23:44:58.889351,23.6,35.8
2022-02-14T23:44:58.907172,23.6,35.8
2022-02-14T23:45:00.896352,23.6,35.8
2022-02-14T23:45:00.914177,23.6,35.8
2022-02-14T23:45:02.902501,23.6,35.8
2022-02-14T23:45:02.921121,23.6,35.8
2022-02-14T23:45:04.909341,23.6,35.8
2022-02-14T23:45:04.928017,23.6,35.8
2022-02-14T23:45:06.916220,23.6,35.8
2022-02-14T23:45:06.934949,23.6,35.8
2022-02-14T23:45:08.923014,23.6,35.8
2022-02-14T23:45:08.941891,23.6,35.8
2022-02-14T23:45:10.930072,23.6,35.8
2022-02-14T23:45:10.947799,23.6,35.8
2022-02-14T23:45:12.935889,23.5,35.8
2022-02-14T23:45:12.954733,23.5,35.8
2022-02-14T23:45:14.942855,23.6,35.8
2022-02-14T23:45:14.961725,23.6,35.8
2022-02-14T23:45:16.949909,23.6,35.8
2022-02-14T23:45:16.968621,23.6,35.8
2022-02-14T23:45:18.956707,23.6,35.8
2022-02-14T23:45:18.975546,23.6,35.8
2022-02-14T23:45:20.963673,23.6,35.8
2022-02-14T23:45:20.981529,23.6,35.8
2022-02-14T23:45:22.970594,23.5,35.8
2022-02-14T23:45:22.988406,23.5,35.8
2022-02-14T23:45:24.976416,23.6,35.8
2022-02-14T23:45:24.995340,23.6,35.8
2022-02-14T23:45:26.983508,23.6,35.8
2022-02-14T23:45:27.002304,23.6,35.8
2022-02-14T23:45:28.990294,23.6,35.8
2022-02-14T23:45:29.009284,23.6,35.8
2022-02-14T23:45:30.997447,23.6,35.8
2022-02-14T23:45:31.015211,23.6,35.8
2022-02-14T23:45:33.004340,23.6,35.8
2022-02-14T23:45:33.022158,23.6,35.8
2022-02-14T23:45:35.010162,23.5,35.8
2022-02-14T23:45:35.029088,23.5,35.8
2022-02-14T23:45:37.017247,23.6,35.8
2022-02-14T23:45:37.036009,23.6,35.8
2022-02-14T23:45:39.024094,23.6,35.8
2022-02-14T23:45:39.042914,23.6,35.8
2022-02-14T23:45:41.031062,23.6,35.8
2022-02-14T23:45:41.049929,23.6,35.8
2022-02-14T23:45:43.038028,23.6,35.8
2022-02-14T23:45:43.055808,23.6,35.8
2022-02-14T23:45:45.043808,23.6,35.8
2022-02-14T23:45:45.062750,23.6,35.8
2022-02-14T23:45:47.050911,23.6,35.8
2022-02-14T23:45:47.069734,23.6,35.8
2022-02-14T23:45:49.057833,23.6,35.8
2022-02-14T23:45:49.076613,23.6,35.8
2022-02-14T23:45:51.064750,23.6,35.8
2022-02-14T23:45:51.083564,23.6,35.8
2022-02-14T23:45:53.071560,23.6,35.8
2022-02-14T23:45:53.089550,23.6,35.8
2022-02-14T23:45:55.078616,23.6,35.8
2022-02-14T23:45:55.096429,23.6,35.8
2022-02-14T23:45:57.084588,23.6,35.8
2022-02-14T23:45:57.103387,23.6,35.8
2022-02-14T23:45:59.091464,23.6,35.8
2022-02-14T23:45:59.110309,23.6,35.8
2022-02-14T23:46:01.098494,23.6,35.8
2022-02-14T23:46:01.117349,23.6,35.8
2022-02-14T23:46:03.105445,23.6,35.8
2022-02-14T23:46:03.123174,23.6,35.8
2022-02-14T23:46:05.112417,23.6,35.8
2022-02-14T23:46:05.130192,23.6,35.8
2022-02-14T23:46:07.118211,23.5,35.8
2022-02-14T23:46:07.137076,23.5,35.8
2022-02-14T23:46:09.125095,23.6,35.8
2022-02-14T23:46:09.144019,23.6,35.8
2022-02-14T23:46:11.132050,23.6,35.8
2022-02-14T23:46:11.150943,23.6,35.8
2022-02-14T23:46:13.138967,23.6,35.8
2022-02-14T23:46:13.157920,23.6,35.8
2022-02-14T23:46:15.145944,23.6,35.8
2022-02-14T23:46:15.163792,23.6,35.8
2022-02-14T23:46:17.151870,23.5,35.8
2022-02-14T23:46:17.170763,23.5,35.7
2022-02-14T23:46:19.158749,23.6,35.7
2022-02-14T23:46:19.177728,23.6,35.8
2022-02-14T23:46:21.165809,23.6,35.8
2022-02-14T23:46:21.184628,23.6,35.8
2022-02-14T23:46:23.172626,23.6,35.8
2022-02-14T23:46:23.191556,23.6,35.8
2022-02-14T23:46:25.179565,23.6,35.8
2022-02-14T23:46:25.197550,23.6,35.8
2022-02-14T23:46:27.186567,23.6,35.8
2022-02-14T23:46:27.204440,23.6,35.8
2022-02-14T23:46:29.192448,23.6,35.8
2022-02-14T23:46:29.211380,23.6,35.8
2022-02-14T23:46:31.199459,23.6,35.8
2022-02-14T23:46:31.218343,23.6,35.8
2022-02-14T23:46:33.206379,23.6,35.8
2022-02-14T23:46:33.225333,23.6,35.8
2022-02-14T23:46:35.213416,23.6,35.8
2022-02-14T23:46:35.232192,23.6,35.8
2022-02-14T23:46:37.220247,23.6,35.8
2022-02-14T23:46:37.238132,23.6,35.8
2022-02-14T23:46:39.226142,23.6,35.8
2022-02-14T23:46:39.245073,23.6,35.8
2022-02-14T23:46:41.233209,23.6,35.8
2022-02-14T23:46:41.252021,23.6,35.8
2022-02-14T23:46:43.240003,23.6,35.8
2022-02-14T23:46:43.258936,23.6,35.8
2022-02-14T23:46:45.246956,23.6,35.8
2022-02-14T23:46:45.265913,23.6,35.8
2022-02-14T23:46:47.253990,23.7,35.8
2022-02-14T23:46:47.272826,23.7,35.9
2022-02-14T23:46:49.260846,23.6,35.9
2022-02-14T23:46:49.278762,23.6,35.8
2022-02-14T23:46:51.266796,23.6,35.8
2022-02-14T23:46:51.285754,23.6,35.8
2022-02-14T23:46:53.273774,23.6,35.8
2022-02-14T23:46:53.292627,23.6,35.7
2022-02-14T23:46:55.280640,23.6,35.7
2022-02-14T23:46:55.299577,23.6,35.8
2022-02-14T23:46:57.287630,23.6,35.8
2022-02-14T23:46:57.306530,23.6,35.7
2022-02-14T23:46:59.294563,23.6,35.7
2022-02-14T23:46:59.312440,23.6,35.8
2022-02-14T23:47:01.300525,23.6,35.8
2022-02-14T23:47:01.319397,23.6,35.7
2022-02-14T23:47:03.307413,23.6,35.7
2022-02-14T23:47:03.326340,23.6,35.8
2022-02-14T23:47:05.314508,23.6,35.8
2022-02-14T23:47:05.333377,23.6,35.7
2022-02-14T23:47:07.321407,23.6,35.7
2022-02-14T23:47:07.339224,23.6,35.7
2022-02-14T23:47:09.327226,23.6,35.7
2022-02-14T23:47:09.346153,23.6,35.7
2022-02-14T23:47:11.334181,23.6,35.7
2022-02-14T23:47:11.353089,23.6,35.7
2022-02-14T23:47:13.341108,23.6,35.7
2022-02-14T23:47:13.360014,23.6,35.7
2022-02-14T23:47:15.348040,23.6,35.7
2022-02-14T23:47:15.366993,23.6,35.7
2022-02-14T23:47:17.355000,23.6,35.7
2022-02-14T23:47:17.372890,23.6,35.7
2022-02-14T23:47:19.360888,23.6,35.7
2022-02-14T23:47:19.379817,23.6,35.8
2022-02-14T23:47:21.367899,23.6,35.8
2022-02-14T23:47:21.386789,23.6,35.7
2022-02-14T23:47:23.374777,23.6,35.7
2022-02-14T23:47:23.393755,23.6,35.7
2022-02-14T23:47:25.381828,23.6,35.7
2022-02-14T23:47:25.399658,23.6,35.7
2022-02-14T23:47:27.387639,23.6,35.7
2022-02-14T23:47:27.406587,23.6,35.7
2022-02-14T23:47:29.394593,23.6,35.7
2022-02-14T23:47:29.413582,23.6,35.7
2022-02-14T23:47:31.401664,23.6,35.7
2022-02-14T23:47:31.420467,23.6,35.7
2022-02-14T23:47:33.408471,23.6,35.7
2022-02-14T23:47:33.426410,23.6,35.7
2022-02-14T23:47:35.415483,23.6,35.7
2022-02-14T23:47:35.433445,23.6,35.7
2022-02-14T23:47:37.421433,23.7,35.7
2022-02-14T23:47:37.440276,23.7,35.8
2022-02-14T23:47:39.428273,23.6,35.8
2022-02-14T23:47:39.447207,23.6,35.7
2022-02-14T23:47:41.435262,23.6,35.7
2022-02-14T23:47:41.454173,23.6,35.7
2022-02-14T23:47:43.442161,23.6,35.7
2022-02-14T23:47:43.460060,23.6,35.7
2022-02-14T23:47:45.448134,23.5,35.7
2022-02-14T23:47:45.467072,23.5,35.7
2022-02-14T23:47:47.455045,23.6,35.7
2022-02-14T23:47:47.473995,23.6,35.7
2022-02-14T23:47:49.462010,23.6,35.7
2022-02-14T23:47:49.480896,23.6,35.7
2022-02-14T23:47:51.468935,23.6,35.7
2022-02-14T23:47:51.486860,23.6,35.7
2022-02-14T23:47:53.475844,23.6,35.7
2022-02-14T23:47:53.493837,23.6,35.7
2022-02-14T23:47:55.481882,23.6,35.7
2022-02-14T23:47:55.500729,23.6,35.7
2022-02-14T23:47:57.488735,23.6,35.7
2022-02-14T23:47:57.507662,23.6,35.7
2022-02-14T23:47:59.495643,23.6,35.7
2022-02-14T23:47:59.514599,23.6,35.7
2022-02-14T23:48:01.502663,23.7,35.7
2022-02-14T23:48:01.520550,23.7,35.8
2022-02-14T23:48:03.508531,23.6,35.8
2022-02-14T23:48:03.527465,23.6,35.7
2022-02-14T23:48:05.515638,23.6,35.7
2022-02-14T23:48:05.534444,23.6,35.7
2022-02-14T23:48:07.522466,23.6,35.7
2022-02-14T23:48:07.541423,23.6,35.7
2022-02-14T23:48:09.529464,23.6,35.7
2022-02-14T23:48:09.547294,23.6,35.7
2022-02-14T23:48:11.536342,23.6,35.7
2022-02-14T23:48:11.554264,23.6,35.7
2022-02-14T23:48:13.542258,23.6,35.7
2022-02-14T23:48:13.561233,23.6,35.7
2022-02-14T23:48:15.549297,23.6,35.7
2022-02-14T23:48:15.568104,23.6,35.7
2022-02-14T23:48:17.556116,23.6,35.7
2022-02-14T23:48:17.575100,23.6,35.7
2022-02-14T23:48:19.563099,23.6,35.7
2022-02-14T23:48:19.580983,23.6,35.7
2022-02-14T23:48:21.569042,23.6,35.7
2022-02-14T23:48:21.587928,23.6,35.7
2022-02-14T23:48:23.575927,23.6,35.7
2022-02-14T23:48:23.594841,23.6,35.7
2022-02-14T23:48:25.582914,23.6,35.7
2022-02-14T23:48:25.601854,23.6,35.7
2022-02-14T23:48:27.589872,23.6,35.7
2022-02-14T23:48:27.607727,23.6,35.7
2022-02-14T23:48:29.595869,23.6,35.7
2022-02-14T23:48:29.614738,23.6,35.7
2022-02-14T23:48:31.602749,23.6,35.7
2022-02-14T23:48:31.621684,23.6,35.7
2022-02-14T23:48:33.609682,23.7,35.7
2022-02-14T23:48:33.628549,23.7,35.8
2022-02-14T23:48:35.616589,23.6,35.8
2022-02-14T23:48:35.634510,23.6,35.7
2022-02-14T23:48:37.623500,23.6,35.7
2022-02-14T23:48:37.641459,23.6,35.7
2022-02-14T23:48:39.629528,23.6,35.7
2022-02-14T23:48:39.648370,23.6,35.7
2022-02-14T23:48:41.636432,23.6,35.7
2022-02-14T23:48:41.655305,23.6,35.7
2022-02-14T23:48:43.643308,23.6,35.7
2022-02-14T23:48:43.662229,23.6,35.7
2022-02-14T23:48:45.650302,23.7,35.7
2022-02-14T23:48:45.668195,23.7,35.8
2022-02-14T23:48:47.656175,23.6,35.8
2022-02-14T23:48:47.675090,23.6,35.7
2022-02-14T23:48:49.663121,23.7,35.7
2022-02-14T23:48:49.682040,23.7,35.8
2022-02-14T23:48:51.670099,23.6,35.8
2022-02-14T23:48:51.689008,23.6,35.7
2022-02-14T23:48:53.677026,23.6,35.7
2022-02-14T23:48:53.694924,23.6,35.7
2022-02-14T23:48:55.683968,23.6,35.7
2022-02-14T23:48:55.701912,23.6,35.7
2022-02-14T23:48:57.689930,23.6,35.7
2022-02-14T23:48:57.708792,23.6,35.7
2022-02-14T23:48:59.696799,23.6,35.7
2022-02-14T23:48:59.715734,23.6,35.7
2022-02-14T23:49:01.703804,23.6,35.7
2022-02-14T23:49:01.722713,23.6,35.7
2022-02-14T23:49:03.710908,23.7,35.7
2022-02-14T23:49:03.728671,23.7,35.8
2022-02-14T23:49:05.716709,23.6,35.8
2022-02-14T23:49:05.735589,23.6,35.7
2022-02-14T23:49:07.723572,23.6,35.7
2022-02-14T23:49:07.742482,23.6,35.7
2022-02-14T23:49:09.730507,23.6,35.7
2022-02-14T23:49:09.749475,23.6,35.7
2022-02-14T23:49:11.737599,23.6,35.7
2022-02-14T23:49:11.755384,23.6,35.7
2022-02-14T23:49:13.744369,23.6,35.7
2022-02-14T23:49:13.762320,23.6,35.7
2022-02-14T23:49:15.750331,23.6,35.7
2022-02-14T23:49:15.769312,23.6,35.7
2022-02-14T23:49:17.757333,23.6,35.7
2022-02-14T23:49:17.776166,23.6,35.7
2022-02-14T23:49:19.764158,23.6,35.7
2022-02-14T23:49:19.783114,23.6,35.7
2022-02-14T23:49:21.771179,23.6,35.7
2022-02-14T23:49:21.789055,23.6,35.7
2022-02-14T23:49:23.777078,23.6,35.7
2022-02-14T23:49:23.796003,23.6,35.7
2022-02-14T23:49:25.784053,23.6,35.7
2022-02-14T23:49:25.802960,23.6,35.7
2022-02-14T23:49:27.790946,23.6,35.7
2022-02-14T23:49:27.809909,23.6,35.7
2022-02-14T23:49:29.797947,23.7,35.7
2022-02-14T23:49:29.815799,23.7,35.8
2022-02-14T23:49:31.803853,23.6,35.8
2022-02-14T23:49:31.822761,23.6,35.7
2022-02-14T23:49:33.810766,23.7,35.7
2022-02-14T23:49:33.829732,23.7,35.8
2022-02-14T23:49:35.817792,23.6,35.8
2022-02-14T23:49:35.836632,23.6,35.7
2022-02-14T23:49:37.824658,23.6,35.7
2022-02-14T23:49:37.843571,23.6,35.7
2022-02-14T23:49:39.831552,23.7,35.7
2022-02-14T23:49:39.849540,23.7,35.8
2022-02-14T23:49:41.837647,23.6,35.8
2022-02-14T23:49:41.856449,23.6,35.7
2022-02-14T23:49:43.844533,23.6,35.7
2022-02-14T23:49:43.863400,23.6,35.7
2022-02-14T23:49:45.851446,23.6,35.7
2022-02-14T23:49:45.870339,23.6,35.7
2022-02-14T23:49:47.858327,23.6,35.7
2022-02-14T23:49:47.876250,23.6,35.7
2022-02-14T23:49:49.864267,23.6,35.7
2022-02-14T23:49:49.883194,23.6,35.7
2022-02-14T23:49:51.871230,23.6,35.7
2022-02-14T23:49:51.890153,23.6,35.7
2022-02-14T23:49:53.878148,23.6,35.7
2022-02-14T23:49:53.897051,23.6,35.7
2022-02-14T23:49:55.885108,23.6,35.7
2022-02-14T23:49:55.903004,23.6,35.7
2022-02-14T23:49:57.892018,23.6,35.7
2022-02-14T23:49:57.909979,23.6,35.7
2022-02-14T23:49:59.898001,23.6,35.7
2022-02-14T23:49:59.916871,23.6,35.7
2022-02-14T23:50:01.905112,23.6,35.7
2022-02-14T23:50:01.923867,23.6,35.7
2022-02-14T23:50:03.911846,23.6,35.7
2022-02-14T23:50:03.930756,23.6,35.7
2022-02-14T23:50:05.918894,23.7,35.7
2022-02-14T23:50:05.936724,23.7,35.8
2022-02-14T23:50:07.924716,23.6,35.8
2022-02-14T23:50:07.943629,23.6,35.7
2022-02-14T23:50:09.931649,23.6,35.7
2022-02-14T23:50:09.950573,23.6,35.7
2022-02-14T23:50:11.938648,23.6,35.7
2022-02-14T23:50:11.957567,23.6,35.7
2022-02-14T23:50:13.945586,23.6,35.7
2022-02-14T23:50:13.963440,23.6,35.7
2022-02-14T23:50:15.951558,23.6,35.7
2022-02-14T23:50:15.970416,23.6,35.7
2022-02-14T23:50:17.958424,23.7,35.7
2022-02-14T23:50:17.977384,23.7,35.7
2022-02-14T23:50:19.965672,23.6,35.7
2022-02-14T23:50:19.984332,23.6,35.7
2022-02-14T23:50:21.972388,23.6,35.7
2022-02-14T23:50:21.991225,23.6,35.7
2022-02-14T23:50:23.979251,23.7,35.7
2022-02-14T23:50:23.997189,23.7,35.7
2022-02-14T23:50:25.986216,23.7,35.7
2022-02-14T23:50:26.004062,23.7,35.7
2022-02-14T23:50:27.992063,23.6,35.7
2022-02-14T23:50:28.010971,23.6,35.7
2022-02-14T23:50:29.999024,23.6,35.7
2022-02-14T23:50:30.017986,23.6,35.7
2022-02-14T23:50:32.006031,23.6,35.7
2022-02-14T23:50:32.024877,23.6,35.7
2022-02-14T23:50:34.012911,23.6,35.7
2022-02-14T23:50:34.030824,23.6,35.7
2022-02-14T23:50:36.018866,23.6,35.7
2022-02-14T23:50:36.037817,23.6,35.7
2022-02-14T23:50:38.025847,23.7,35.7
2022-02-14T23:50:38.044692,23.7,35.7
2022-02-14T23:50:40.032702,23.6,35.7
2022-02-14T23:50:40.051644,23.6,35.7
2022-02-14T23:50:42.039695,23.6,35.7
2022-02-14T23:50:42.058608,23.6,35.7
2022-02-14T23:50:44.046687,23.7,35.7
2022-02-14T23:50:44.064520,23.7,35.7
2022-02-14T23:50:46.052570,23.6,35.7
2022-02-14T23:50:46.071465,23.6,35.7
2022-02-14T23:50:48.059615,23.7,35.7
2022-02-14T23:50:48.078421,23.7,35.7
2022-02-14T23:50:50.066791,23.6,35.7
2022-02-14T23:50:50.085464,23.6,35.7
2022-02-14T23:50:52.073592,23.6,35.7
2022-02-14T23:50:52.092279,23.6,35.7
2022-02-14T23:50:54.080396,23.6,35.7
2022-02-14T23:50:54.098224,23.6,35.7
2022-02-14T23:50:56.086339,23.6,35.7
2022-02-14T23:50:56.105216,23.6,35.7
2022-02-14T23:50:58.093317,23.6,35.7
2022-02-14T23:50:58.112071,23.6,35.7
2022-02-14T23:51:00.100089,23.6,35.7
2022-02-14T23:51:00.119024,23.6,35.7
2022-02-14T23:51:02.107179,23.6,35.7
2022-02-14T23:51:02.124975,23.6,35.7
2022-02-14T23:51:04.114233,23.6,35.7
2022-02-14T23:51:04.131941,23.6,35.7
2022-02-14T23:51:06.120055,23.7,35.7
2022-02-14T23:51:06.138867,23.7,35.7
2022-02-14T23:51:08.126832,23.6,35.7
2022-02-14T23:51:08.145821,23.6,35.7
2022-02-14T23:51:10.133940,23.6,35.7
2022-02-14T23:51:10.152708,23.6,35.7
2022-02-14T23:51:12.140938,23.6,35.7
2022-02-14T23:51:12.158655,23.6,35.7
2022-02-14T23:51:14.146774,23.6,35.7
2022-02-14T23:51:14.165649,23.6,35.7
2022-02-14T23:51:16.153795,23.6,35.7
2022-02-14T23:51:16.172525,23.6,35.7
2022-02-14T23:51:18.160634,23.6,35.7
2022-02-14T23:51:18.179475,23.6,35.7
2022-02-14T23:51:20.167606,23.6,35.7
2022-02-14T23:51:20.185472,23.6,35.7
2022-02-14T23:51:22.174564,23.6,35.7
2022-02-14T23:51:22.192355,23.6,35.7
2022-02-14T23:51:24.180344,23.7,35.7
2022-02-14T23:51:24.199271,23.7,35.7
2022-02-14T23:51:26.187427,23.6,35.7
2022-02-14T23:51:26.206249,23.6,35.7
2022-02-14T23:51:28.194223,23.6,35.7
2022-02-14T23:51:28.213211,23.6,35.7
2022-02-14T23:51:30.201391,23.6,35.7
2022-02-14T23:51:30.219083,23.6,35.7
2022-02-14T23:51:32.207208,23.6,35.7
2022-02-14T23:51:32.226037,23.6,35.7
2022-02-14T23:51:34.214158,23.6,35.7
2022-02-14T23:51:34.232964,23.6,35.7
2022-02-14T23:51:36.221097,23.6,35.7
2022-02-14T23:51:36.239921,23.6,35.7
2022-02-14T23:51:38.227994,23.6,35.7
2022-02-14T23:51:38.245874,23.6,35.7
2022-02-14T23:51:40.234845,23.6,35.7
2022-02-14T23:51:40.252773,23.6,35.7
2022-02-14T23:51:42.240911,23.6,35.7
2022-02-14T23:51:42.259733,23.6,35.7
2022-02-14T23:51:44.247712,23.6,35.7
2022-02-14T23:51:44.266662,23.6,35.7
2022-02-14T23:51:46.254798,23.6,35.7
2022-02-14T23:51:46.273647,23.6,35.7
2022-02-14T23:51:48.261751,23.7,35.7
2022-02-14T23:51:48.279517,23.7,35.7
2022-02-14T23:51:50.267541,23.6,35.7
2022-02-14T23:51:50.286465,23.6,35.7
2022-02-14T23:51:52.274630,23.6,35.7
2022-02-14T23:51:52.293468,23.6,35.7
2022-02-14T23:51:54.281641,23.6,35.7
2022-02-14T23:51:54.300352,23.6,35.7
2022-02-14T23:51:56.288473,23.6,35.7
2022-02-14T23:51:56.306304,23.6,35.7
2022-02-14T23:51:58.295296,23.6,35.7
2022-02-14T23:51:58.313279,23.6,35.7
2022-02-14T23:52:00.301364,23.7,35.7
2022-02-14T23:52:00.320153,23.7,35.7
2022-02-14T23:52:02.308318,23.6,35.7
2022-02-14T23:52:02.327135,23.6,35.7
2022-02-14T23:52:04.315226,23.6,35.7
2022-02-14T23:52:04.334069,23.6,35.7
2022-02-14T23:52:06.322137,23.6,35.7
2022-02-14T23:52:06.339971,23.6,35.7
2022-02-14T23:52:08.327969,23.6,35.7
2022-02-14T23:52:08.346893,23.6,35.7
2022-02-14T23:52:10.334921,23.7,35.7
2022-02-14T23:52:10.353889,23.7,35.7
2022-02-14T23:52:12.341938,23.6,35.7
2022-02-14T23:52:12.360760,23.6,35.7
2022-02-14T23:52:14.348789,23.6,35.7
2022-02-14T23:52:14.367713,23.6,35.7
2022-02-14T23:52:16.355760,23.6,35.7
2022-02-14T23:52:16.373719,23.6,35.7
2022-02-14T23:52:18.361727,23.6,35.7
2022-02-14T23:52:18.380559,23.6,35.7
2022-02-14T23:52:20.368587,23.6,35.7
2022-02-14T23:52:20.387515,23.6,35.7
2022-02-14T23:52:22.375592,23.6,35.7
2022-02-14T23:52:22.394487,23.6,35.7
2022-02-14T23:52:24.382532,23.6,35.7
2022-02-14T23:52:24.400426,23.6,35.6
2022-02-14T23:52:26.388471,23.6,35.6
2022-02-14T23:52:26.407375,23.6,35.7
2022-02-14T23:52:28.395366,23.6,35.7
2022-02-14T23:52:28.414294,23.6,35.6
2022-02-14T23:52:30.402318,23.6,35.6
2022-02-14T23:52:30.421300,23.6,35.6
2022-02-14T23:52:32.409366,23.6,35.6
2022-02-14T23:52:32.427180,23.6,35.6
2022-02-14T23:52:34.415178,23.6,35.6
2022-02-14T23:52:34.434102,23.6,35.6
2022-02-14T23:52:36.422150,23.6,35.6
2022-02-14T23:52:36.441037,23.6,35.6
2022-02-14T23:52:38.429049,23.6,35.6
2022-02-14T23:52:38.446987,23.6,35.6
2022-02-14T23:52:40.435037,23.6,35.6
2022-02-14T23:52:40.453982,23.6,35.6
2022-02-14T23:52:42.441981,23.6,35.6
2022-02-14T23:52:42.460866,23.6,35.6
2022-02-14T23:52:44.448860,23.6,35.6
2022-02-14T23:52:44.467797,23.6,35.6
2022-02-14T23:52:46.455851,23.6,35.6
2022-02-14T23:52:46.473813,23.6,35.6
2022-02-14T23:52:48.461811,23.6,35.6
2022-02-14T23:52:48.480675,23.6,35.6
2022-02-14T23:52:50.468726,23.6,35.6
2022-02-14T23:52:50.487646,23.6,35.6
2022-02-14T23:52:52.475629,23.6,35.6
2022-02-14T23:52:52.494557,23.6,35.6
2022-02-14T23:52:54.482561,23.6,35.6
2022-02-14T23:52:54.500484,23.6,35.6
2022-02-14T23:52:56.488592,23.6,35.6
2022-02-14T23:52:56.507479,23.6,35.6
2022-02-14T23:52:58.495455,23.6,35.6
2022-02-14T23:52:58.514437,23.6,35.6
2022-02-14T23:53:00.502429,23.6,35.6
2022-02-14T23:53:00.520320,23.6,35.6
2022-02-14T23:53:02.508358,23.6,35.6
2022-02-14T23:53:02.527264,23.6,35.6
2022-02-14T23:53:04.515372,23.6,35.6
2022-02-14T23:53:04.534228,23.6,35.6
2022-02-14T23:53:06.522254,23.6,35.6
2022-02-14T23:53:06.541191,23.6,35.7
2022-02-14T23:53:08.529121,23.7,35.7
2022-02-14T23:53:08.547049,23.7,35.7
2022-02-14T23:53:10.535086,23.6,35.7
2022-02-14T23:53:10.554023,23.6,35.6
2022-02-14T23:53:12.542033,23.6,35.6
2022-02-14T23:53:12.560920,23.6,35.7
2022-02-14T23:53:14.548936,23.6,35.7
2022-02-14T23:53:14.567849,23.6,35.7
2022-02-14T23:53:16.555903,23.6,35.7
2022-02-14T23:53:16.574827,23.6,35.7
2022-02-14T23:53:18.562820,23.6,35.7
2022-02-14T23:53:18.580736,23.6,35.6
2022-02-14T23:53:20.568774,23.6,35.6
2022-02-14T23:53:20.587689,23.6,35.7
2022-02-14T23:53:22.575698,23.6,35.7
2022-02-14T23:53:22.594625,23.6,35.7
2022-02-14T23:53:24.582618,23.6,35.7
2022-02-14T23:53:24.601602,23.6,35.7
2022-02-14T23:53:26.589683,23.6,35.7
2022-02-14T23:53:26.607502,23.6,35.7
2022-02-14T23:53:28.595538,23.6,35.7
2022-02-14T23:53:28.614453,23.6,35.7
2022-02-14T23:53:30.602489,23.6,35.7
2022-02-14T23:53:30.621446,23.6,35.7
2022-02-14T23:53:32.609517,23.6,35.7
2022-02-14T23:53:32.628298,23.6,35.7
2022-02-14T23:53:34.616317,23.6,35.7
2022-02-14T23:53:34.634263,23.6,35.7
2022-02-14T23:53:36.622295,23.6,35.7
2022-02-14T23:53:36.641253,23.6,35.7
2022-02-14T23:53:38.629272,23.6,35.7
2022-02-14T23:53:38.648116,23.6,35.7
2022-02-14T23:53:40.636152,23.6,35.7
2022-02-14T23:53:40.655086,23.6,35.7
2022-02-14T23:53:42.643174,23.6,35.7
2022-02-14T23:53:42.660997,23.6,35.7
2022-02-14T23:53:44.649024,23.6,35.7
2022-02-14T23:53:44.667943,23.6,35.7
2022-02-14T23:53:46.656083,23.6,35.7
2022-02-14T23:53:46.674890,23.6,35.7
2022-02-14T23:53:48.662983,23.6,35.7
2022-02-14T23:53:48.681871,23.6,35.7
2022-02-14T23:53:50.670039,23.6,35.7
2022-02-14T23:53:50.688772,23.6,35.7
2022-02-14T23:53:52.676759,23.6,35.7
2022-02-14T23:53:52.694705,23.6,35.7
2022-02-14T23:53:54.682810,23.6,35.7
2022-02-14T23:53:54.701691,23.6,35.7
2022-02-14T23:53:56.689837,23.6,35.7
2022-02-14T23:53:56.708587,23.6,35.7
2022-02-14T23:53:58.696588,23.6,35.7
2022-02-14T23:53:58.715514,23.6,35.7
2022-02-14T23:54:00.703687,23.6,35.7
2022-02-14T23:54:00.721540,23.6,35.7
2022-02-14T23:54:02.709696,23.6,35.7
2022-02-14T23:54:02.728396,23.6,35.7
2022-02-14T23:54:04.716615,23.6,35.7
2022-02-14T23:54:04.735370,23.6,35.7
2022-02-14T23:54:06.723488,23.6,35.7
2022-02-14T23:54:06.742293,23.6,35.7
2022-02-14T23:54:08.730269,23.6,35.7
2022-02-14T23:54:08.748203,23.6,35.7
2022-02-14T23:54:10.736250,23.6,35.7
2022-02-14T23:54:10.755152,23.6,35.7
2022-02-14T23:54:12.743155,23.6,35.7
2022-02-14T23:54:12.762081,23.6,35.6
2022-02-14T23:54:14.750191,23.6,35.6
2022-02-14T23:54:14.769006,23.6,35.6
2022-02-14T23:54:16.757215,23.6,35.6
2022-02-14T23:54:16.774986,23.6,35.7
2022-02-14T23:54:18.763074,23.6,35.7
2022-02-14T23:54:18.781941,23.6,35.6
2022-02-14T23:54:20.770087,23.6,35.6
2022-02-14T23:54:20.788850,23.6,35.7
2022-02-14T23:54:22.776974,23.6,35.7
2022-02-14T23:54:22.795774,23.6,35.6
2022-02-14T23:54:24.783779,23.6,35.6
2022-02-14T23:54:24.801753,23.6,35.7
2022-02-14T23:54:26.789924,23.6,35.7
2022-02-14T23:54:26.808657,23.6,35.7
2022-02-14T23:54:28.796645,23.7,35.7
2022-02-14T23:54:28.815584,23.7,35.7
2022-02-14T23:54:30.803717,23.6,35.7
2022-02-14T23:54:30.822556,23.6,35.7
2022-02-14T23:54:32.810707,23.6,35.7
2022-02-14T23:54:32.829556,23.6,35.7
2022-02-14T23:54:34.817661,23.6,35.7
2022-02-14T23:54:34.835411,23.6,35.7
2022-02-14T23:54:36.823527,23.6,35.7
2022-02-14T23:54:36.842365,23.6,35.7
2022-02-14T23:54:38.830459,23.6,35.7
2022-02-14T23:54:38.849340,23.6,35.7
2022-02-14T23:54:40.837563,23.6,35.7
2022-02-14T23:54:40.856217,23.6,35.7
2022-02-14T23:54:42.844318,23.6,35.7
2022-02-14T23:54:42.862151,23.6,35.7
2022-02-14T23:54:44.850250,23.6,35.7
2022-02-14T23:54:44.869065,23.6,35.7
2022-02-14T23:54:46.857289,23.6,35.7
2022-02-14T23:54:46.876050,23.6,35.7
2022-02-14T23:54:48.864117,23.6,35.7
2022-02-14T23:54:48.882967,23.6,35.7
2022-02-14T23:54:50.871098,23.6,35.7
2022-02-14T23:54:50.888916,23.6,35.6
2022-02-14T23:54:52.876904,23.5,35.6
2022-02-14T23:54:52.895874,23.5,35.6
2022-02-14T23:54:54.883957,23.6,35.6
2022-02-14T23:54:54.902797,23.6,35.7
2022-02-14T23:54:56.890958,23.6,35.7
2022-02-14T23:54:56.909791,23.6,35.6
2022-02-14T23:54:58.897918,23.6,35.6
2022-02-14T23:54:58.915662,23.6,35.6
2022-02-14T23:55:00.903961,23.6,35.6
2022-02-14T23:55:00.922658,23.6,35.6
2022-02-14T23:55:02.910963,23.6,35.6
2022-02-14T23:55:02.929674,23.6,35.7
2022-02-14T23:55:04.917862,23.6,35.7
2022-02-14T23:55:04.936517,23.6,35.6
2022-02-14T23:55:06.924592,23.7,35.6
2022-02-14T23:55:06.942461,23.7,35.7
2022-02-14T23:55:08.931433,23.6,35.7
2022-02-14T23:55:08.949393,23.6,35.7
2022-02-14T23:55:10.937468,23.7,35.7
2022-02-14T23:55:10.956273,23.7,35.7
2022-02-14T23:55:12.944300,23.6,35.7
2022-02-14T23:55:12.963206,23.6,35.6
2022-02-14T23:55:14.951222,23.6,35.6
2022-02-14T23:55:14.970126,23.6,35.7
2022-02-14T23:55:16.958224,23.6,35.7
2022-02-14T23:55:16.976119,23.6,35.7
2022-02-14T23:55:18.964401,23.6,35.7
2022-02-14T23:55:18.983100,23.6,35.6
2022-02-14T23:55:20.971134,23.6,35.6
2022-02-14T23:55:20.990034,23.6,35.7
2022-02-14T23:55:22.978043,23.6,35.7
2022-02-14T23:55:22.996909,23.6,35.7
2022-02-14T23:55:24.984899,23.7,35.7
2022-02-14T23:55:25.002845,23.7,35.7
2022-02-14T23:55:26.991933,23.6,35.7
2022-02-14T23:55:27.009868,23.6,35.7
2022-02-14T23:55:28.997898,23.6,35.7
2022-02-14T23:55:29.016731,23.6,35.6
2022-02-14T23:55:31.004813,23.6,35.6
2022-02-14T23:55:31.023690,23.6,35.6
2022-02-14T23:55:33.011848,23.6,35.6
2022-02-14T23:55:33.029687,23.6,35.6
2022-02-14T23:55:35.017701,23.6,35.6
2022-02-14T23:55:35.036540,23.6,35.6
2022-02-14T23:55:37.024644,23.6,35.6
2022-02-14T23:55:37.043501,23.6,35.6
2022-02-14T23:55:39.031509,23.6,35.6
2022-02-14T23:55:39.050423,23.6,35.6
2022-02-14T23:55:41.038466,23.7,35.6
2022-02-14T23:55:41.056347,23.7,35.7
2022-02-14T23:55:43.044371,23.6,35.7
2022-02-14T23:55:43.063276,23.6,35.6
2022-02-14T23:55:45.051283,23.6,35.6
2022-02-14T23:55:45.070203,23.6,35.6
2022-02-14T23:55:47.058297,23.6,35.6
2022-02-14T23:55:47.077229,23.6,35.6
2022-02-14T23:55:49.065236,23.7,35.6
2022-02-14T23:55:49.083080,23.7,35.7
2022-02-14T23:55:51.071168,23.6,35.7
2022-02-14T23:55:51.090059,23.6,35.6
2022-02-14T23:55:53.078086,23.6,35.6
2022-02-14T23:55:53.096960,23.6,35.6
2022-02-14T23:55:55.084979,23.6,35.6
2022-02-14T23:55:55.103898,23.6,35.6
2022-02-14T23:55:57.091947,23.6,35.6
2022-02-14T23:55:57.109905,23.6,35.6
2022-02-14T23:55:59.097924,23.6,35.6
2022-02-14T23:55:59.116767,23.6,35.6
2022-02-14T23:56:01.104829,23.6,35.6
2022-02-14T23:56:01.123750,23.6,35.6
2022-02-14T23:56:03.111761,23.6,35.6
2022-02-14T23:56:03.129717,23.6,35.6
2022-02-14T23:56:05.118805,23.6,35.6
2022-02-14T23:56:05.136630,23.6,35.7
2022-02-14T23:56:07.124658,23.6,35.7
2022-02-14T23:56:07.143558,23.6,35.6
2022-02-14T23:56:09.131635,23.6,35.6
2022-02-14T23:56:09.150488,23.6,35.6
2022-02-14T23:56:11.138525,23.6,35.6
2022-02-14T23:56:11.156433,23.6,35.6
2022-02-14T23:56:13.144407,23.6,35.6
2022-02-14T23:56:13.163345,23.6,35.6
2022-02-14T23:56:15.151361,23.6,35.6
2022-02-14T23:56:15.170296,23.6,35.6
2022-02-14T23:56:17.158362,23.6,35.6
2022-02-14T23:56:17.177288,23.6,35.6
2022-02-14T23:56:19.165312,23.7,35.6
2022-02-14T23:56:19.183208,23.7,35.7
2022-02-14T23:56:21.171222,23.6,35.7
2022-02-14T23:56:21.190160,23.6,35.6
2022-02-14T23:56:23.178125,23.6,35.6
2022-02-14T23:56:23.197035,23.6,35.6
2022-02-14T23:56:25.185088,23.6,35.6
2022-02-14T23:56:25.204014,23.6,35.6
2022-02-14T23:56:27.192058,23.7,35.6
2022-02-14T23:56:27.209972,23.7,35.7
2022-02-14T23:56:29.197991,23.6,35.7
2022-02-14T23:56:29.216864,23.6,35.6
2022-02-14T23:56:31.204921,23.6,35.6
2022-02-14T23:56:31.223825,23.6,35.6
2022-02-14T23:56:33.211839,23.6,35.6
2022-02-14T23:56:33.230767,23.6,35.6
2022-02-14T23:56:35.218760,23.6,35.6
2022-02-14T23:56:35.236675,23.6,35.6
2022-02-14T23:56:37.224734,23.6,35.6
2022-02-14T23:56:37.243638,23.6,35.6
2022-02-14T23:56:39.231627,23.6,35.6
2022-02-14T23:56:39.250570,23.6,35.6
2022-02-14T23:56:41.238661,23.6,35.6
2022-02-14T23:56:41.257606,23.6,35.6
2022-02-14T23:56:43.245573,23.6,35.6
2022-02-14T23:56:43.263440,23.6,35.6
2022-02-14T23:56:45.251461,23.6,35.6
2022-02-14T23:56:45.270397,23.6,35.6
2022-02-14T23:56:47.258439,23.6,35.6
2022-02-14T23:56:47.277383,23.6,35.6
2022-02-14T23:56:49.265410,23.6,35.6
2022-02-14T23:56:49.283262,23.6,35.6
2022-02-14T23:56:51.271301,23.6,35.6
2022-02-14T23:56:51.290206,23.6,35.6
2022-02-14T23:56:53.278226,23.6,35.6
2022-02-14T23:56:53.297185,23.6,35.6
2022-02-14T23:56:55.285212,23.7,35.6
2022-02-14T23:56:55.304044,23.7,35.6
2022-02-14T23:56:57.292126,23.7,35.6
2022-02-14T23:56:57.310051,23.7,35.7
2022-02-14T23:56:59.298028,23.6,35.7
2022-02-14T23:56:59.316940,23.6,35.6
2022-02-14T23:57:01.304998,23.7,35.6
2022-02-14T23:57:01.323918,23.7,35.7
2022-02-14T23:57:03.311909,23.6,35.7
2022-02-14T23:57:03.330844,23.6,35.6
2022-02-14T23:57:05.318976,23.6,35.6
2022-02-14T23:57:05.337855,23.6,35.6
2022-02-14T23:57:07.325906,23.7,35.6
2022-02-14T23:57:07.343697,23.7,35.6
2022-02-14T23:57:09.331699,23.6,35.6
2022-02-14T23:57:09.350620,23.6,35.6
2022-02-14T23:57:11.338667,23.6,35.6
2022-02-14T23:57:11.357619,23.6,35.6
2022-02-14T23:57:13.345697,23.6,35.6
2022-02-14T23:57:13.363498,23.6,35.6
2022-02-14T23:57:15.351497,23.6,35.6
2022-02-14T23:57:15.370429,23.6,35.6
2022-02-14T23:57:17.358498,23.7,35.6
2022-02-14T23:57:17.377433,23.7,35.7
2022-02-14T23:57:19.365453,23.6,35.7
2022-02-14T23:57:19.384309,23.6,35.6
2022-02-14T23:57:21.372356,23.6,35.6
2022-02-14T23:57:21.390257,23.6,35.6
2022-02-14T23:57:23.378266,23.6,35.6
2022-02-14T23:57:23.397228,23.6,35.6
2022-02-14T23:57:25.385278,23.6,35.6
2022-02-14T23:57:25.404111,23.6,35.6
2022-02-14T23:57:27.392163,23.7,35.6
2022-02-14T23:57:27.411074,23.7,35.6
2022-02-14T23:57:29.399087,23.6,35.6
2022-02-14T23:57:29.416991,23.6,35.6
2022-02-14T23:57:31.405055,23.6,35.6
2022-02-14T23:57:31.423951,23.6,35.6
2022-02-14T23:57:33.411956,23.7,35.6
2022-02-14T23:57:33.430874,23.7,35.6
2022-02-14T23:57:35.418890,23.6,35.6
2022-02-14T23:57:35.437860,23.6,35.6
2022-02-14T23:57:37.425942,23.7,35.6
2022-02-14T23:57:37.443753,23.7,35.6
2022-02-14T23:57:39.431740,23.6,35.6
2022-02-14T23:57:39.450685,23.6,35.6
2022-02-14T23:57:41.438751,23.7,35.6
2022-02-14T23:57:41.457703,23.7,35.6
2022-02-14T23:57:43.445682,23.7,35.6
2022-02-14T23:57:43.464564,23.7,35.6
2022-02-14T23:57:45.452621,23.7,35.6
2022-02-14T23:57:45.470535,23.7,35.6
2022-02-14T23:57:47.458554,23.6,35.6
2022-02-14T23:57:47.477500,23.6,35.6
2022-02-14T23:57:49.465596,23.7,35.6
2022-02-14T23:57:49.484370,23.7,35.6
2022-02-14T23:57:51.472416,23.6,35.6
2022-02-14T23:57:51.491321,23.6,35.6
2022-02-14T23:57:53.479339,23.6,35.6
2022-02-14T23:57:53.497326,23.6,35.6
2022-02-14T23:57:55.485325,23.6,35.6
2022-02-14T23:57:55.504232,23.6,35.6
2022-02-14T23:57:57.492247,23.6,35.6
2022-02-14T23:57:57.511141,23.6,35.6
2022-02-14T23:57:59.499131,23.6,35.6
2022-02-14T23:57:59.518066,23.6,35.6
2022-02-14T23:58:01.506141,23.7,35.6
2022-02-14T23:58:01.524041,23.7,35.6
2022-02-14T23:58:03.512034,23.6,35.6
2022-02-14T23:58:03.530950,23.6,35.6
2022-02-14T23:58:05.519117,23.6,35.6
2022-02-14T23:58:05.537959,23.6,35.6
2022-02-14T23:58:07.525972,23.7,35.6
2022-02-14T23:58:07.543818,23.7,35.6
2022-02-14T23:58:09.532827,23.7,35.6
2022-02-14T23:58:09.550787,23.7,35.6
2022-02-14T23:58:11.538813,23.6,35.6
2022-02-14T23:58:11.557768,23.6,35.6
2022-02-14T23:58:13.545796,23.6,35.6
2022-02-14T23:58:13.564637,23.6,35.6
2022-02-14T23:58:15.552671,23.6,35.6
2022-02-14T23:58:15.570598,23.6,35.6
2022-02-14T23:58:17.558673,23.6,35.6
2022-02-14T23:58:17.577597,23.6,35.6
2022-02-14T23:58:19.565647,23.7,35.6
2022-02-14T23:58:19.584452,23.7,35.6
2022-02-14T23:58:21.572505,23.6,35.6
2022-02-14T23:58:21.591406,23.6,35.6
2022-02-14T23:58:23.579401,23.7,35.6
2022-02-14T23:58:23.597386,23.7,35.6
2022-02-14T23:58:25.585471,23.6,35.6
2022-02-14T23:58:25.604279,23.6,35.6
2022-02-14T23:58:27.592272,23.7,35.6
2022-02-14T23:58:27.611209,23.7,35.6
2022-02-14T23:58:29.599215,23.7,35.6
2022-02-14T23:58:29.618136,23.7,35.6
2022-02-14T23:58:31.606209,23.7,35.6
2022-02-14T23:58:31.624116,23.7,35.6
2022-02-14T23:58:33.612132,23.6,35.6
2022-02-14T23:58:33.631043,23.6,35.5
2022-02-14T23:58:35.619074,23.7,35.5
2022-02-14T23:58:35.638016,23.7,35.6
2022-02-14T23:58:37.626031,23.6,35.6
2022-02-14T23:58:37.644907,23.6,35.5
2022-02-14T23:58:39.632908,23.7,35.5
2022-02-14T23:58:39.650846,23.7,35.6
2022-02-14T23:58:41.638915,23.6,35.6
2022-02-14T23:58:41.657861,23.6,35.5
2022-02-14T23:58:43.645854,23.7,35.5
2022-02-14T23:58:43.664722,23.7,35.6
2022-02-14T23:58:45.652779,23.7,35.6
2022-02-14T23:58:45.671669,23.7,35.6
2022-02-14T23:58:47.659666,23.7,35.6
2022-02-14T23:58:47.677667,23.7,35.6
2022-02-14T23:58:49.665735,23.6,35.6
2022-02-14T23:58:49.684550,23.6,35.5
2022-02-14T23:58:51.672583,23.7,35.5
2022-02-14T23:58:51.691501,23.7,35.6
2022-02-14T23:58:53.679491,23.7,35.6
2022-02-14T23:58:53.698417,23.7,35.6
2022-02-14T23:58:55.686473,23.6,35.6
2022-02-14T23:58:55.704366,23.6,35.5
2022-02-14T23:58:57.692377,23.6,35.5
2022-02-14T23:58:57.711302,23.6,35.5
2022-02-14T23:58:59.699276,23.6,35.5
2022-02-14T23:58:59.718246,23.6,35.5
2022-02-14T23:59:01.706282,23.6,35.5
2022-02-14T23:59:01.725041,23.6,35.5
2022-02-14T23:59:03.713417,23.7,35.5
2022-02-14T23:59:03.731140,23.7,35.6
2022-02-14T23:59:05.719205,23.6,35.6
2022-02-14T23:59:05.738072,23.6,35.5
2022-02-14T23:59:07.726356,23.7,35.5
2022-02-14T23:59:07.745051,23.7,35.6
2022-02-14T23:59:09.733021,23.6,35.6
2022-02-14T23:59:09.751913,23.6,35.5
2022-02-14T23:59:11.740088,23.7,35.5
2022-02-14T23:59:11.757900,23.7,35.6
2022-02-14T23:59:13.746045,23.6,35.6
2022-02-14T23:59:13.764816,23.6,35.5
2022-02-14T23:59:15.752925,23.7,35.5
2022-02-14T23:59:15.771755,23.7,35.6
2022-02-14T23:59:17.759853,23.6,35.6
2022-02-14T23:59:17.778695,23.6,35.5
2022-02-14T23:59:19.766675,23.7,35.5
2022-02-14T23:59:19.784603,23.7,35.6
2022-02-14T23:59:21.772784,23.7,35.6
2022-02-14T23:59:21.791579,23.7,35.6
2022-02-14T23:59:23.779640,23.6,35.6
2022-02-14T23:59:23.798485,23.6,35.5
2022-02-14T23:59:25.786634,23.6,35.5
2022-02-14T23:59:25.804436,23.6,35.5
2022-02-14T23:59:27.793598,23.7,35.5
2022-02-14T23:59:27.811365,23.7,35.6
2022-02-14T23:59:29.799470,23.7,35.6
2022-02-14T23:59:29.818300,23.7,35.6
2022-02-14T23:59:31.806444,23.7,35.6
2022-02-14T23:59:31.825318,23.7,35.6
2022-02-14T23:59:33.813514,23.7,35.6
2022-02-14T23:59:33.832213,23.7,35.6
2022-02-14T23:59:35.820248,23.7,35.6
2022-02-14T23:59:35.838163,23.7,35.6
2022-02-14T23:59:37.826176,23.6,35.6
2022-02-14T23:59:37.845048,23.6,35.5
2022-02-14T23:59:39.833058,23.7,35.5
2022-02-14T23:59:39.852025,23.7,35.6
2022-02-14T23:59:41.840083,23.6,35.6
2022-02-14T23:59:41.858943,23.6,35.5
2022-02-14T23:59:43.846947,23.7,35.5
2022-02-14T23:59:43.864863,23.7,35.6
2022-02-14T23:59:45.852943,23.6,35.6
2022-02-14T23:59:45.871815,23.6,35.5
2022-02-14T23:59:47.859817,23.7,35.5
2022-02-14T23:59:47.878759,23.7,35.6
2022-02-14T23:59:49.866750,23.6,35.6
2022-02-14T23:59:49.885746,23.6,35.5
2022-02-14T23:59:51.873813,23.7,35.5
2022-02-14T23:59:51.891642,23.7,35.6
2022-02-14T23:59:53.879719,23.6,35.6
2022-02-14T23:59:53.898602,23.6,35.5
2022-02-14T23:59:55.886641,23.7,35.5
2022-02-14T23:59:55.905572,23.7,35.6
2022-02-14T23:59:57.893574,23.7,35.6
2022-02-14T23:59:57.912441,23.7,35.6
2022-02-14T23:59:59.900433,23.7,35.6
2022-02-14T23:59:59.918372,23.7,35.6
